id,video_id,author_id,text,created_ts,likes,dislikes,replies_count
1713533285875729665,0006580cbbb03928c633bca451ab035f,34313699,"b'\xd1\x8f \xd0\xbd\xd0\xb0\xd0\xba\xd0\xbe\xd0\xbd\xd0\xb5\xd1\x86 \xd1\x82\xd0\xbe \xd0\xbe\xd1\x81\xd0\xbb\xd0\xb5\xd0\xbf, \xd0\xbc\xd0\xb5\xd0\xbd\xd0\xb5 \xd0\xbf\xd0\xbe\xd0\xb4\xd0\xba\xd0\xb8\xd0\xbd\xd1\x83\xd0\xbb\xd0\xb8 \xd1\x80\xd0\xb5\xd0\xba\xd0\xbe\xd0\xbc\xd0\xb5\xd0\xbd\xd0\xb4\xd0\xb0\xd1\x86\xd0\xb8\xd1\x8e \xd0\xb3\xd0\xb0\xd0\xb7\xd0\xbf\xd1\x80\xd0\xbe\xd0\xbc \xd0\xbe\xd0\xbf\xd1\x82\xd0\xb8\xd0\xba\xd1\x83.'",2024-04-19T16:28:05,0,0,0
1712078286142843748,0006580cbbb03928c633bca451ab035f,24414814,b'\xd0\x9a\xd0\xa0\xd0\x98\xd0\x9d\xd0\x96. \xd0\x9c\xd0\x95\xd0\xa1\xd0\xa2\xd0\x9d\xd0\x9e\xd0\x95 \xd0\xa2\xd0\x92 \xd0\xba\xd0\xb0\xd0\xba \xd0\xbe\xd1\x82\xd0\xb4\xd0\xb5\xd0\xbb\xd1\x8c\xd0\xbd\xd1\x8b\xd0\xb9 \xd0\xb2\xd0\xb8\xd0\xb4 \xd0\xb8\xd1\x81\xd0\xba\xd1\x83\xd1\x81\xd1\x81\xd1\x82\xd0\xb2\xd0\xb0. \xd0\x95\xd1\x89\xd0\xb5 \xd0\xb8 2013 \xd0\xb3\xd0\xbe\xd0\xb4. \xd1\x81\xd0\xb5\xd0\xb9\xd1\x87\xd0\xb0\xd1\x81 \xd0\xbd\xd0\xb0 \xd1\x82\xd0\xb0\xd0\xbf\xd0\xbe\xd0\xba \xd0\xbb\xd1\x83\xd1\x87\xd1\x88\xd0\xb5 \xd0\xba\xd0\xb0\xd1\x87\xd0\xb5\xd1\x81\xd1\x82\xd0\xb2\xd0\xbe',2024-04-02T20:18:06,5,0,0
1710912306748054623,0006580cbbb03928c633bca451ab035f,25287832,b'\xd0\x9d\xd0\xbe\xd0\xb2\xd0\xbe\xd1\x81\xd1\x82\xd0\xb8 \xd1\x8d\xd1\x82\xd0\xbe\xd0\xb3\xd0\xbe \xd0\xb4\xd0\xbd\xd1\x8f. \xd0\x92\xd1\x8b \xd1\x87\xd1\x91 \xd1\x80\xd1\x83\xd1\x82\xd1\x83\xd0\xb1?!',2024-03-20T08:25:06,7,0,1
1714597507644704797,0b5f72b72f58bb9535f755c6794fae71,25125207,b'\xf0\x9f\x91\x8d',2024-05-02T00:05:07,0,0,0
1712658177107235641,127043fd2c5108b4536d708e1463419e,25188617,b'\xd0\xb0 \xd0\xbc\xd0\xbe\xd0\xb6\xd0\xbd\xd0\xbe \xd1\x8d\xd1\x82\xd0\xbe\xd0\xb3\xd0\xbe \xd1\x82\xd0\xb8\xd0\xbf\xd0\xb0 \xd1\x81 \xd0\xa0\xd1\x8f\xd0\xb7\xd0\xb0\xd0\xbd\xd0\xb8 \xd0\xb2 \xd0\xa0\xd0\xbe\xd1\x81\xd1\x82\xd0\xbe\xd0\xb2 \xd0\xbf\xd1\x80\xd0\xb8\xd0\xb3\xd0\xbb\xd0\xb0\xd1\x81\xd0\xb8\xd1\x82\xd1\x8c \xd0\xbf\xd1\x83\xd1\x81\xd1\x82\xd1\x8c \xd1\x82\xd1\x83\xd1\x82 \xd0\xbf\xd0\xb8\xd0\xbd\xd0\xba\xd0\xb0 \xd0\xb4\xd0\xb0\xd1\x81\xd1\x82 \xd0\xbd\xd0\xb0\xd1\x88\xd0\xb5\xd0\xb9 \xd0\xb0\xd0\xb4\xd0\xbc\xd0\xb8\xd0\xbd\xd0\xb8\xd1\x81\xd1\x82\xd1\x80\xd0\xb0\xd1\x86\xd0\xb8\xd0\xb8!',2024-04-09T13:22:57,1,0,0
1712031186490180035,127043fd2c5108b4536d708e1463419e,24013694,b'\xd0\x92 \xd0\x9a\xd0\xb5\xd0\xbc\xd0\xb5\xd1\x80\xd0\xbe\xd0\xb2\xd0\xbe \xd1\x82\xd0\xb0\xd0\xba\xd0\xb0\xd1\x8f \xd0\xb6\xd0\xb5 \xd0\xb1\xd0\xb5\xd0\xb4\xd0\xb0. \xd0\xa1\xd0\xbe\xd0\xb2\xd1\x81\xd0\xb5\xd0\xbc \xd0\xb7\xd0\xb0\xd0\xb1\xd1\x8b\xd0\xbb\xd0\xb8 \xd0\xbf\xd1\x80\xd0\xbe \xd0\xb4\xd0\xbe\xd1\x80\xd0\xbe\xd0\xb3\xd0\xb8. \xd0\x92\xd0\xb5\xd0\xb7\xd0\xb4\xd0\xb5 \xd1\x8f\xd0\xbc\xd1\x8b',2024-04-02T07:13:06,0,0,0
1710224611887996843,127043fd2c5108b4536d708e1463419e,35780354,b'\xd0\x9c\xd1\x8b \xd1\x81 \xd0\x92\xd0\xb0\xd0\xbc\xd0\xb8 \xd1\x82\xd0\xb5\xd0\xbf\xd0\xb5\xd1\x80\xd1\x8c \xd0\xbd\xd0\xb0 \xd0\xa0\xd1\x83\xd1\x82\xd1\x83\xd0\xb1',2024-03-12T09:23:31,0,0,2
1713803370162896221,172a037a17a3a9a33a3513dc6e1696d2,27241778,"b'\xd0\x91\xd0\xbe\xd0\xbb\xd1\x8c\xd0\xbd\xd1\x8b\xd0\xb5 \xd0\xbb\xd1\x8e\xd0\xb4\xd0\xb8! \xd0\x94\xd0\xb0\xd0\xb2\xd0\xb0\xd0\xb9\xd1\x82\xd0\xb5 \xd0\xb2\xd1\x81\xd0\xb5 \xd0\xb1\xd1\x83\xd0\xb4\xd1\x83\xd1\x82 \xd0\xbf\xd1\x80\xd0\xb5\xd0\xb4\xd0\xbf\xd1\x80\xd0\xb8\xd0\xbd\xd0\xb8\xd0\xbc\xd0\xb0\xd1\x82\xd0\xb5\xd0\xbb\xd1\x8f\xd0\xbc\xd0\xb8 - \xd1\x82\xd0\xbe\xd0\xb3\xd0\xb4\xd0\xb0 \xd0\xba\xd1\x82\xd0\xbe \xd1\x83 \xd0\xbd\xd0\xb8\xd1\x85 \xd1\x80\xd0\xb0\xd0\xb1\xd0\xbe\xd1\x82\xd0\xb0\xd1\x82\xd1\x8c \xd0\xb1\xd1\x83\xd0\xb4\xd0\xb5\xd1\x82!? \xd0\x9d\xd0\xb5 \xd0\xb7\xd0\xbd\xd0\xb0\xd1\x8e\xd1\x89\xd0\xb8\xd0\xb5 \xd1\x80\xd1\x83\xd1\x81\xd1\x81\xd0\xba\xd0\xbe\xd0\xb3\xd0\xbe \xd1\x8f\xd0\xb7\xd1\x8b\xd0\xba\xd0\xb0 \xd0\xbc\xd0\xb8\xd0\xb3\xd1\x80\xd0\xb0\xd0\xbd\xd1\x82\xd1\x8b?! \xd0\x94\xd0\x95\xd0\x91\xd0\x98\xd0\x9b\xd0\xab, \xd0\x9e\xd0\xa1\xd0\xa2\xd0\x90\xd0\x9d\xd0\x9e\xd0\x92\xd0\x98\xd0\xa2\xd0\x95\xd0\xa1\xd0\xac!'",2024-04-22T19:29:30,1,0,0
1712989577058641345,172a037a17a3a9a33a3513dc6e1696d2,28445393,b'\xd0\xa2\xd0\x9a\xd0\xa0 - \xd0\xba\xd0\xb0\xd0\xba \xd1\x80\xd0\xb0\xd1\x81\xd1\x88\xd0\xb8\xd1\x84\xd1\x80\xd0\xbe\xd0\xb2\xd0\xb0\xd1\x82\xd1\x8c ?',2024-04-13T09:26:17,0,0,2
1712817695961143914,172a037a17a3a9a33a3513dc6e1696d2,33277540,b'\xd0\x9a\xd0\xb0\xd0\xba\xd0\xbe\xd0\xb3\xd0\xbe \xd1\x80\xd0\xb5\xd0\xb3\xd0\xb8\xd0\xbe\xd0\xbd\xd0\xb0? \xd0\x90\xd0\xbb\xd1\x91.',2024-04-11T09:41:35,1,0,0
1710539506090876499,172a037a17a3a9a33a3513dc6e1696d2,27220645,b'\xd0\x9a\xd0\xb0\xd0\xba \xd1\x8d\xd1\x82\xd0\xbe \xd0\xb7\xd0\xb0\xd0\xbf\xd1\x83\xd1\x81\xd1\x82\xd0\xb8\xd0\xbb\xd0\xbe\xd1\x81\xd1\x8c \xd0\xb4\xd0\xbb\xd1\x8f \xd0\xa1\xd0\x9c\xd0\x9b???',2024-03-16T00:51:46,1,0,0
1713776962264479514,1ccaebb582723bccc71a979eb2558bd1,36372014,b'\xd0\xbc\xd0\xb8\xd0\xbb\xd0\xbb\xd0\xb8\xd0\xb0\xd1\x80\xd0\xb4\xd1\x8b \xd0\xb2\xd0\xbb\xd0\xb8\xd0\xb2\xd0\xb0\xd1\x8e\xd1\x82 \xd0\xb2 \xd1\x8d\xd1\x82\xd1\x83 \xd0\xbd\xd0\xb5 \xd0\xb4\xd0\xbe\xd0\xb1\xd0\xb8\xd1\x82\xd1\x83\xd1\x8e \xd1\x87\xd0\xb5\xd1\x87\xd0\xbd\xd1\x8e \xd0\xb8\xd0\xbc \xd0\xbf\xd0\xbe \xd1\x85\xd1\x80\xd0\xb5\xd0\xbd \xd0\xb2\xd1\x81\xd0\xb5 \xd0\xa0\xd0\xbe\xd1\x81\xd1\x81\xd0\xb8\xd0\xb9\xd1\x81\xd0\xba\xd0\xb8\xd0\xb5 \xd0\xb7\xd0\xb0\xd0\xba\xd0\xbe\xd0\xbd\xd1\x8b \xd1\x83 \xd0\xbd\xd0\xb8\xd1\x85 \xd1\x81\xd0\xb2\xd0\xbe\xd0\xb9 \xd0\xb7\xd0\xb0\xd0\xba\xd0\xbe\xd0\xbd \xd1\x82\xd0\xbe\xd1\x81\xd0\xba\xd1\x83\xd0\xb5\xd1\x82 \xd0\xbf\xd0\xbe \xd0\xbd\xd0\xb8\xd0\xbc \xd0\xbc\xd0\xb0\xd0\xb3\xd0\xb0\xd0\xb4\xd0\xb0\xd0\xbd \xd0\xb8 \xd1\x81\xd0\xb8\xd0\xb1\xd0\xb8\xd1\x80\xd1\x8c',2024-04-22T12:09:22,0,1,0
1713075018362811206,1dc9f32dc3afb84ca41df2af0cf08121,24445038,"b'\xd0\xad\xd1\x82\xd0\xbe \xd0\xb6\xd0\xb5 \xd0\xbe\xd0\xbd\xd0\xb8 \xd1\x82\xd0\xb8\xd0\xbf\xd0\xb0 \xc2\xab\xd0\xbf\xd0\xbe \xd1\x81\xd0\xb2\xd0\xbe\xd0\xb8\xd0\xbc\xc2\xbb \xd1\x82\xd0\xb5\xd1\x80\xd1\x80\xd0\xb8\xd1\x82\xd0\xbe\xd1\x80\xd0\xb8\xd1\x8f\xd0\xbc \xd0\xb1\xd1\x8c\xd1\x8e\xd1\x82. \xd0\x9f\xd0\xbe \xd0\xb4\xd0\xb5\xd1\x82\xd1\x81\xd0\xba\xd0\xb8\xd0\xbc \xd1\x81\xd0\xb0\xd0\xb4\xd0\xb0\xd0\xbc \xd0\xb2 \xd0\xbe\xd1\x81\xd0\xbd\xd0\xbe\xd0\xb2\xd0\xbd\xd0\xbe\xd0\xbc, \xd1\x88\xd0\xba\xd0\xbe\xd0\xbb\xd0\xb0\xd0\xbc \xd0\xb8 \xd0\xbc\xd0\xb8\xd1\x80\xd0\xbd\xd1\x8b\xd0\xbc \xd0\xb6\xd0\xb8\xd1\x82\xd0\xb5\xd0\xbb\xd1\x8f\xd0\xbc. \xd0\x96\xd0\xb8\xd0\xb4\xd0\xbe\xd0\xb1\xd0\xb0\xd0\xbd\xd0\xb4\xd0\xb5\xd1\x80\xd0\xbe\xd0\xb2\xd1\x81\xd0\xba\xd0\xb0\xd1\x8f \xd1\x85\xd1\x83\xd0\xbd\xd1\x82\xd0\xb0 \xd0\xbf\xd0\xbe \xd0\xb4\xd1\x80\xd1\x83\xd0\xb3\xd0\xbe\xd0\xbc\xd1\x83 \xd0\xb8 \xd0\xbd\xd0\xb5 \xd1\x83\xd0\xbc\xd0\xb5\xd0\xb5\xd1\x82.'",2024-04-14T09:10:18,1,0,0
1710713063205886779,1dc9f32dc3afb84ca41df2af0cf08121,35382005,b'\xd0\x90 \xd1\x82\xd1\x8b \xd0\xbd\xd0\xb5 \xd0\xb2\xd1\x8b\xd1\x85\xd0\xbe\xd0\xb4\xd0\xb8. \xd0\x9f\xd0\xbe \xd0\xbd\xd0\xb8\xd0\xbc \xd0\xbc\xd0\xbe\xd0\xb6\xd0\xbd\xd0\xbe? \xd0\x90 \xd0\xbf\xd0\xbe \xd1\x82\xd0\xb5\xd0\xb1\xd0\xb5 \xd0\xbf\xd1\x80\xd0\xbe\xd1\x82\xd0\xb8\xd0\xb2\xd0\xbe\xd0\xb7\xd0\xb0\xd0\xba\xd0\xbe\xd0\xbd\xd0\xbd\xd0\xbe? \xd0\x9b\xd0\xbe\xd0\xb2\xd0\xb8 \xd0\xb5\xd0\xbf\xd1\x82.',2024-03-18T01:04:23,0,6,0
1710607100015520738,1dc9f32dc3afb84ca41df2af0cf08121,24365925,"b'\xd0\x97\xd0\xb0\xd0\xb4\xd0\xbe\xd0\xbb\xd0\xb1\xd0\xb0\xd0\xbb\xd0\xb8 \xd1\x8d\xd1\x82\xd0\xb8 \xd1\x85\xd0\xb0\xd1\x85\xd0\xbb\xd1\x8b ,\xd0\xba\xd0\xb0\xd0\xba  \xd0\xbe\xd0\xbd\xd0\xb8 \xd0\xbd\xd0\xb0\xd0\xb4\xd0\xb5\xd0\xbb\xd0\xb8 , \xd1\x82\xd1\x80\xd0\xb5\xd1\x82\xd0\xb8\xd0\xb9 \xd0\xb4\xd0\xb5\xd0\xbd\xd1\x8c \xd0\xbf\xd0\xbe\xd0\xb4 \xd1\x81\xd1\x82\xd1\x80\xd0\xb0\xd1\x85\xd0\xbe\xd0\xbc \xd0\xb2\xd1\x8b\xd1\x85\xd0\xbe\xd0\xb4\xd0\xb8\xd1\x88\xd1\x8c \xd0\xb2 \xd0\x91\xd0\xb5\xd0\xbb\xd0\xb3\xd0\xbe\xd1\x80\xd0\xbe\xd0\xb4\xd0\xb5 \xd0\xbd\xd0\xb0 \xd1\x83\xd0\xbb\xd0\xb8\xd1\x86\xd1\x83 . \xd0\x9d\xd0\xb5 \xd0\xb7\xd0\xbd\xd0\xb0\xd0\xb5\xd1\x88\xd1\x8c \xd0\xba\xd0\xbe\xd0\xb3\xd0\xb4\xd0\xb0 \xd0\xb8 \xd0\xba\xd1\x83\xd0\xb4\xd0\xb0 \xd0\xbf\xd1\x80\xd0\xb8\xd0\xbb\xd0\xb5\xd1\x82\xd0\xb8\xd1\x82 . \xd0\x90 \xd0\xa5\xd0\xb0\xd1\x85\xd0\xbb\xd1\x8b \xd1\x85\xd0\xbe\xd0\xb4\xd1\x8f\xd1\x82 \xd0\xbf\xd0\xbe \xd1\x83\xd0\xbb\xd0\xb8\xd1\x86\xd0\xb0\xd0\xbc \xd0\xb8 \xd0\xb5\xd1\x89\xd1\x91 \xd0\xb3\xd0\xbe\xd0\xb2\xd0\xbe\xd1\x80\xd1\x8f\xd1\x82 \xd1\x83 \xd0\xbd\xd0\xb8\xd1\x85 \xd1\x82\xd0\xbe\xd0\xbb\xd1\x8c\xd0\xba\xd0\xbe - \xd0\xbd\xd0\xbe\xd1\x87\xd0\xbd\xd1\x8b\xd0\xb5 \xd0\xb1\xd0\xbe\xd0\xbc\xd0\xb1\xd0\xb5\xd0\xb6\xd0\xba\xd0\xb8 , \xd1\x82\xd0\xb0\xd0\xba \xd0\xb8\xd0\xbc \xd0\xbe\xd0\xb1\xd1\x8a\xd1\x8f\xd0\xb2\xd0\xb8\xd0\xbb\xd0\xb8'",2024-03-16T19:38:20,5,1,0
1710591144076980431,1dc9f32dc3afb84ca41df2af0cf08121,33277540,"b'\xd0\x92\xd1\x81\xd1\x91 \xd0\xba\xd0\xbe\xd0\xbd\xd0\xb5\xd1\x87\xd0\xbd\xd0\xbe \xd0\xbe\xd0\xbd\xd0\xb8 \xd1\x81\xd0\xb5\xd0\xb9\xd1\x87\xd0\xb0\xd1\x81 \xd0\xb4\xd0\xb5\xd0\xbb\xd0\xb0\xd1\x8e\xd1\x82, \xd0\xb2\xd1\x81\xd1\x91 \xd0\xb2\xd0\xb5\xd1\x80\xd0\xbd\xd1\x91\xd1\x82\xd1\x81\xd1\x8f. \xd0\xa5\xd0\xbe\xd1\x82\xd1\x8c \xd0\xb4\xd0\xbe \xd1\x81\xd0\xb8\xd1\x85 \xd0\xbf\xd0\xbe\xd1\x80 \xd0\xb8 \xd0\xbd\xd0\xb5 \xd0\xbf\xd0\xbe\xd0\xbd\xd1\x8f\xd0\xbb\xd0\xb8.\xd0\xa3\xd0\xb4\xd0\xb0\xd1\x87\xd0\xb8 \xd0\xbd\xd0\xb0\xd1\x88\xd0\xb8\xd0\xbc \xd0\xb8 \xd1\x81\xd0\xbc\xd0\xb5\xd1\x80\xd1\x82\xd1\x8c \xd1\x84\xd0\xb0\xd1\x88\xd0\xb8\xd1\x81\xd1\x82\xd0\xb0\xd0\xbc \xd0\xba\xd0\xb0\xd0\xba 45\xd0\xbe\xd0\xbc.'",2024-03-16T15:12:24,9,0,0
1710585145520830910,1dc9f32dc3afb84ca41df2af0cf08121,26704365,"b'\xd0\x92\xd0\xbe\xd1\x82 \xd0\xbf\xd0\xbe\xd1\x81\xd0\xbb\xd0\xb5 \xd1\x82\xd0\xb0\xd0\xba\xd0\xb8\xd1\x85 \xd0\xb0\xd1\x82\xd0\xb0\xd0\xba \xd0\x92\xd0\xa1\xd0\xa3 \xd0\xbd\xd0\xb5 \xd0\xbe\xd1\x81\xd1\x82\xd0\xb0\xd0\xb5\xd1\x82\xd1\x81\xd1\x8f \xd1\x81\xd0\xbe\xd0\xbc\xd0\xbd\xd0\xb5\xd0\xbd\xd0\xb8\xd0\xb9,\xd1\x87\xd1\x82\xd0\xbe \xd0\x9a\xd0\xb8\xd0\xb5\xd0\xb2\xd1\x81\xd0\xba\xd0\xb8\xd0\xb9 \xd1\x80\xd0\xb5\xd0\xb6\xd0\xb8\xd0\xbc - \xd1\x82\xd0\xb5\xd1\x80\xd1\x80\xd0\xbe\xd1\x80\xd0\xb8\xd1\x81\xd1\x82\xd0\xb8\xd1\x87\xd0\xb5\xd1\x81\xd0\xba\xd0\xb8\xd0\xb9!\xd0\xa5\xd0\xbe\xd1\x82\xd1\x8f\xd1\x82 \xd0\xbd\xd0\xb0\xd0\xbd\xd0\xb5\xd1\x81\xd1\x82\xd0\xb8 \xd0\xb2\xd1\x80\xd0\xb5\xd0\xb4 \xd0\xb2\xd1\x81\xd0\xb5\xd0\xb9 \xd0\xbf\xd0\xbb\xd0\xb0\xd0\xbd\xd0\xb5\xd1\x82\xd0\xb5!!!'",2024-03-16T13:32:25,11,1,0
1712979444464338014,1e4a06de073a5bd392f546220e7ac2e4,34025116,"b'\xd0\x9f\xd0\xbe\xd0\xba\xd0\xb0 \xd0\xbe\xd0\xb4\xd0\xbd\xd0\xb8 \xd0\xb3\xd0\xb8\xd0\xb1\xd0\xbd\xd1\x83\xd1\x82 \xd0\xb2 \xd0\xba\xd1\x80\xd0\xbe\xd0\xb2\xd0\xbe\xd0\xbf\xd1\x80\xd0\xbe\xd0\xbb\xd0\xb8\xd1\x82\xd0\xbd\xd0\xbe\xd0\xb9 \xd0\xb1\xd0\xbe\xd0\xb9\xd0\xbd\xd0\xb5, \xd0\xb4\xd1\x80\xd1\x83\xd0\xb3\xd0\xb8\xd0\xbc \xd1\x81\xd0\xbe\xd0\xb7\xd0\xb4\xd0\xb0\xd1\x8e\xd1\x82 \xd0\xba\xd0\xbe\xd0\xbc\xd1\x84\xd0\xbe\xd1\x80\xd1\x82\xd0\xbd\xd1\x8b\xd0\xb5 \xd1\x83\xd1\x81\xd0\xbb\xd0\xbe\xd0\xb2\xd0\xb8\xd1\x8f \xd0\xb4\xd0\xbb\xd1\x8f \xd0\xbe\xd0\xb1\xd0\xbe\xd0\xb3\xd0\xb0\xd1\x89\xd0\xb5\xd0\xbd\xd0\xb8\xd1\x8f. \xd0\xad\xd1\x82\xd0\xbe \xd0\xbe \xd1\x86\xd0\xb5\xd0\xbd\xd0\xbd\xd0\xbe\xd1\x81\xd1\x82\xd1\x8f\xd1\x85 \xd0\xbd\xd1\x8b\xd0\xbd\xd0\xb5\xd1\x88\xd0\xbd\xd0\xb5\xd0\xb3\xd0\xbe \xd0\xbe\xd0\xb1\xd1\x89\xd0\xb5\xd1\x81\xd1\x82\xd0\xb2\xd0\xb0.'",2024-04-13T06:37:24,3,0,1
1712979279882478427,1e4a06de073a5bd392f546220e7ac2e4,34025116,"b'\xd0\x9e\xd1\x87\xd0\xb5\xd1\x80\xd0\xb5\xd0\xb4\xd0\xbd\xd0\xbe\xd0\xb5 \xd0\xb1\xd0\xbb\xd0\xb0 \xd0\xb1\xd0\xbb\xd0\xb0 \xd0\xb1\xd0\xbb\xd0\xb0 \xd0\xbf\xd1\x80\xd0\xbe \xd0\xb1\xd0\xb8\xd0\xb7\xd0\xbd\xd0\xb5\xd1\x81, \xd0\xbf\xd1\x80\xd0\xb8\xd0\xb1\xd1\x8b\xd0\xbb\xd1\x8c,  \xd0\xbd\xd0\xb0\xd0\xb2\xd0\xb0\xd1\x80.  \xd0\xa3\xd0\xbf\xd0\xbe\xd1\x80 \xd0\xb4\xd0\xb5\xd0\xbb\xd0\xb0\xd0\xb5\xd1\x82\xd1\x81\xd1\x8f \xd0\xbd\xd0\xb0 \xd0\xbe\xd0\xbb\xd0\xb8\xd0\xb3\xd0\xb0\xd1\x80\xd1\x85\xd0\xbe\xd0\xb2 \xd0\xb8 \xd0\xba\xd0\xb0\xd0\xbf\xd0\xb8\xd1\x82\xd0\xb0\xd0\xbb \xd0\xb8\xd0\xbd\xd1\x82\xd0\xb5\xd1\x80\xd0\xb5\xd1\x81 \xd0\xba\xd0\xbe\xd1\x82\xd0\xbe\xd1\x80\xd1\x8b\xd1\x85 \xd0\xb8\xd1\x81\xd0\xba\xd0\xbb\xd1\x8e\xd1\x87\xd0\xb8\xd1\x82\xd0\xb5\xd0\xbb\xd1\x8c\xd0\xbd\xd0\xbe - \xd0\xbf\xd1\x80\xd0\xb8\xd0\xb1\xd1\x8b\xd0\xbb\xd1\x8c , \xd0\xbe\xd0\xb1\xd0\xbe\xd0\xb3\xd0\xb0\xd1\x89\xd0\xb5\xd0\xbd\xd0\xb8\xd0\xb5 \xd0\xb0 \xd0\xbd\xd0\xb5 \xd1\x80\xd0\xb0\xd0\xb7\xd0\xb2\xd0\xb8\xd1\x82\xd0\xb8\xd0\xb5, \xd0\xbf\xd0\xbe\xd0\xb2\xd1\x8b\xd1\x88\xd0\xb5\xd0\xbd\xd0\xb8\xd0\xb5 \xd0\xb6\xd0\xb8\xd0\xb7\xd0\xbd\xd0\xb5\xd0\xbd\xd0\xbd\xd0\xbe\xd0\xb3\xd0\xbe \xd1\x83\xd1\x80\xd0\xbe\xd0\xb2\xd0\xbd\xd1\x8f \xd0\xb3\xd1\x80\xd0\xb0\xd0\xb6\xd0\xb4\xd0\xb0\xd0\xbd, \xd1\x81\xd0\xb1\xd0\xb0\xd0\xbb\xd0\xb0\xd0\xbd\xd1\x81\xd0\xb8\xd1\x80\xd0\xbe\xd0\xb2\xd0\xb0\xd0\xbd\xd0\xbd\xd0\xbe\xd0\xb5 \xd0\xbf\xd0\xbb\xd0\xb0\xd0\xbd\xd0\xbe\xd0\xb2\xd0\xbe\xd0\xb5 \xd1\x80\xd0\xb0\xd0\xb7\xd0\xb2\xd0\xb8\xd1\x82\xd0\xb8\xd0\xb5 \xd1\x8d\xd0\xba\xd0\xbe\xd0\xbd\xd0\xbe\xd0\xbc\xd0\xb8\xd0\xba\xd0\xb8. \xd0\xa0\xd0\xb5\xd0\xb3\xd0\xb8\xd0\xbe\xd0\xbd, \xd0\xbd\xd0\xb0\xd1\x81\xd0\xb5\xd0\xbb\xd0\xb5\xd0\xbd\xd0\xb8\xd0\xb5 \xd0\xb7\xd0\xb4\xd0\xb5\xd1\x81\xd1\x8c \xd0\xb8\xd1\x81\xd0\xba\xd0\xbb\xd1\x8e\xd1\x87\xd0\xb8\xd1\x82\xd0\xb5\xd0\xbb\xd1\x8c\xd0\xbd\xd0\xbe \xd0\xba\xd0\xb0\xd0\xba \xd0\xbe\xd0\xb1\xd1\x8a\xd0\xb5\xd0\xba\xd1\x82 \xd0\xb4\xd0\xbb\xd1\x8f \xd0\xb2\xd1\x8b\xd1\x81\xd0\xb0\xd1\x81\xd1\x8b\xd0\xb2\xd0\xb0\xd0\xbd\xd0\xb8\xd1\x8f \xd0\xbf\xd1\x80\xd0\xb8\xd0\xb1\xd1\x8b\xd0\xbb\xd0\xb8. \xd0\x92 \xd1\x8d\xd1\x82\xd0\xbe\xd0\xbc \xd0\xb3\xd0\xbb\xd0\xb0\xd0\xb2\xd0\xbd\xd0\xbe\xd0\xb5 \xd1\x83\xd1\x80\xd0\xbe\xd0\xb4\xd1\x81\xd1\x82\xd0\xb2\xd0\xbe \xd0\xba\xd0\xb0\xd0\xbf\xd0\xb8\xd1\x82\xd0\xb0\xd0\xbb\xd0\xb8\xd0\xb7\xd0\xbc\xd0\xb0 \xd0\xb3\xd0\xb4\xd0\xb5 \xd0\xb2\xd1\x81\xd1\x91 - \xd1\x82\xd0\xbe\xd0\xb2\xd0\xb0\xd1\x80, \xd0\xba\xd1\x83\xd0\xbf\xd0\xb8 - \xd0\xbf\xd1\x80\xd0\xbe\xd0\xb4\xd0\xb0\xd0\xb9, \xd0\xb2 \xd1\x81\xd1\x85\xd0\xb5\xd0\xbc\xd0\xb5 \xd0\xb4\xd0\xb5\xd0\xbd\xd1\x8c\xd0\xb3\xd0\xb8 - \xd1\x82\xd0\xbe\xd0\xb2\xd0\xb0\xd1\x80 - \xd0\xb4\xd0\xb5\xd0\xbd\xd1\x8c\xd0\xb3\xd0\xb8 \xd0\xb3\xd0\xb4\xd0\xb5 \xd0\xb3\xd0\xbb\xd0\xb0\xd0\xb2\xd0\xbd\xd0\xbe\xd0\xb5 - \xd0\xb4\xd0\xb5\xd0\xbd\xd1\x8c\xd0\xb3\xd0\xb8!'",2024-04-13T06:34:39,1,0,0
1712961188510860446,1e4a06de073a5bd392f546220e7ac2e4,26305692,b'\xd0\x9e\xd0\xb3\xd1\x80\xd0\xbe\xd0\xbc\xd0\xbd\xd0\xbe\xd0\xb5 \xd1\x81\xd0\xbf\xd0\xb0\xd1\x81\xd0\xb8\xd0\xb1\xd0\xbe \xd0\xb7\xd0\xb0 \xd0\xbd\xd0\xbe\xd0\xb2\xd0\xbe\xd1\x81\xd1\x82\xd0\xb8\xf0\x9f\x91\x8d',2024-04-13T01:33:08,0,1,1
1712058625772746188,1e4a06de073a5bd392f546220e7ac2e4,26305692,"b'\xd0\x9f\xd1\x80\xd0\xb8\xd0\xb2\xd0\xb5\xd1\x82, \xd0\xbe\xd1\x87\xd0\xb5\xd0\xbd\xd1\x8c \xd0\xbf\xd1\x80\xd0\xb8\xd1\x8f\xd1\x82\xd0\xbd\xd0\xbe \xd0\xbd\xd0\xbe\xd0\xb2\xd0\xbe\xd1\x81\xd1\x82\xd0\xb8 \xd0\xb8\xd0\xbd\xd1\x82\xd0\xb5\xd1\x80\xd0\xb5\xd1\x81\xd0\xbd\xd1\x8b\xd0\xb5 \xd0\xb5\xd1\x88\xd0\xb5 \xd1\x80\xd0\xb0\xd0\xb7 \xd0\xb1\xd0\xbe\xd0\xbb\xd1\x8c\xd1\x88\xd0\xbe\xd0\xb5 \xd1\x81\xd0\xbf\xd0\xb0\xd1\x81\xd0\xb8\xd0\xb1\xd0\xbe\xf0\x9f\x91\x8d\xf0\x9f\x8d\xb0\xe2\x98\x95\xef\xb8\x8f'",2024-04-02T14:50:25,0,1,0
1711354175096974685,1e4a06de073a5bd392f546220e7ac2e4,33125995,"b'\xd0\xa1\xd0\xbf\xd0\xb0\xd1\x81\xd0\xb8\xd0\xb1\xd0\xbe! \xd0\x9e\xd1\x87\xd0\xb5\xd0\xbd\xd1\x8c \xd0\xbf\xd1\x80\xd0\xb8\xd1\x8f\xd1\x82\xd0\xbd\xd0\xbe \xd0\xb2\xd0\xb8\xd0\xb4\xd0\xb5\xd1\x82\xd1\x8c, \xd0\xba\xd0\xb0\xd0\xba \xd1\x80\xd0\xb0\xd0\xb7\xd0\xb2\xd0\xb8\xd0\xb2\xd0\xb0\xd0\xb5\xd1\x82\xd1\x81\xd1\x8f \xd1\x81\xd1\x82\xd1\x80\xd0\xbe\xd0\xb8\xd1\x82\xd0\xb5\xd0\xbb\xd1\x8c\xd1\x81\xd1\x82\xd0\xb2\xd0\xbe \xd0\xb2  \xd0\xbc\xd0\xbe\xd0\xb5\xd0\xb9 \xd0\xbb\xd1\x8e\xd0\xb1\xd0\xb8\xd0\xbc\xd0\xbe\xd0\xb9 \xd0\x9e\xd1\x81\xd0\xb5\xd1\x82\xd0\xb8\xd0\xb8-\xd0\x90\xd0\xbb\xd0\xb0\xd0\xbd\xd0\xb8\xd0\xb8! \xd0\x96\xd0\xb5\xd0\xbb\xd0\xb0\xd1\x8e \xd0\xbf\xd1\x80\xd0\xbe\xd1\x86\xd0\xb2\xd0\xb5\xd1\x82\xd0\xb0\xd0\xbd\xd0\xb8\xd1\x8f \xd0\xb8 \xd0\xb2\xd1\x81\xd0\xb5\xd1\x85 \xd0\xb1\xd0\xbb\xd0\xb0\xd0\xb3 \xd0\xbc\xd0\xbe\xd0\xb5\xd0\xb9 \xd0\xa0\xd0\xbe\xd0\xb4\xd0\xb8\xd0\xbd\xd0\xb5 \xd0\xb8 \xd0\xb2\xd1\x81\xd0\xb5\xd0\xb9 \xd0\xa0\xd0\xbe\xd1\x81\xd1\x81\xd0\xb8\xd0\xb8!'",2024-03-25T11:09:35,1,1,0
1710690018126341702,1e4a06de073a5bd392f546220e7ac2e4,26821997,b'\xd0\x91\xd0\xb5\xd0\xbb\xd0\xb3\xd0\xbe\xd1\x80\xd0\xbe\xd0\xb4 \xd0\xbe\xd1\x87\xd0\xb5\xd0\xbd\xd1\x8c \xd0\xb2\xd1\x8b\xd0\xb4\xd0\xb5\xd0\xbb\xd0\xb8\xd0\xbb\xd1\x81\xd1\x8f \xd0\xbd\xd0\xb5\xd1\x81\xd0\xbc\xd0\xbe\xd1\x82\xd1\x80\xd1\x8f \xd0\xbd\xd0\xb0 \xd1\x82\xd0\xbe \xd1\x87\xd1\x82\xd0\xbe \xd0\xb2\xd1\x81\xd1\x83 \xd1\x83\xd0\xb3\xd1\x80\xd0\xbe\xd0\xb6\xd0\xb0\xd0\xbb\xd0\xb8! \xd0\xb7\xd0\xb0 \xd0\xb4\xd0\xb2\xd0\xb0 \xd0\xb4\xd0\xbd\xd1\x8f 70% \xd1\x8f\xd0\xb2\xd0\xba\xd0\xb8! \xd0\xb2\xd1\x8b \xd0\xbf\xd1\x80\xd0\xb8\xd0\xba\xd0\xb8\xd0\xbd\xd1\x8c\xd1\x82\xd0\xb5!\xf0\x9f\x98\x8e\xf0\x9f\x98\x8e',2024-03-17T18:40:18,0,0,0
1714736879833830412,282c76fc3dd79c77840ffde3adfc124b,27235543,b'\xd0\x92',2024-05-03T14:47:59,0,0,0
1713198569748809393,282c76fc3dd79c77840ffde3adfc124b,26705447,"b'\xd0\xa1\xd0\xbf\xd0\xb0\xd1\x81\xd0\xb8\xd0\xb1\xd0\xbe \xd0\xbd\xd0\xb0\xd1\x88\xd0\xb8\xd0\xbc \xd0\xbc\xd0\xb5\xd0\xb4 \xd1\x80\xd0\xb0\xd0\xb1\xd0\xbe\xd1\x82\xd0\xbd\xd0\xb8\xd0\xba\xd0\xb0\xd0\xbc, \xd0\xbd\xd0\xb5 \xd1\x80\xd0\xb0\xd0\xb7 \xd0\xbf\xd0\xbe\xd0\xbc\xd0\xbe\xd0\xb3\xd0\xb0\xd0\xbb\xd0\xb8 \xd0\xb8 \xd0\xbc\xd0\xbd\xd0\xb5 \xd0\xb8 \xd0\xbc\xd0\xbe\xd0\xb5\xd0\xb9 \xd1\x81\xd0\xb5\xd0\xbc\xd1\x8c\xd0\xb5! \xd0\x9e\xd0\xbd\xd0\xb8 \xd1\x80\xd0\xb5\xd0\xb0\xd0\xbb\xd1\x8c\xd0\xbd\xd0\xbe \xd0\xbc\xd0\xbe\xd0\xbb\xd0\xbe\xd0\xb4\xd1\x86\xd1\x8b \xd0\xb8 \xd0\xb2\xd1\x81\xd0\xb5\xd0\xb3\xd0\xb4\xd0\xb0 \xd0\xb1\xd1\x8b\xd1\x81\xd1\x82\xd1\x80\xd0\xbe \xd0\xbf\xd1\x80\xd0\xb8\xd1\x85\xd0\xbe\xd0\xb4\xd1\x8f\xd1\x82 \xd0\xbd\xd0\xb0 \xd0\xbf\xd0\xbe\xd0\xbc\xd0\xbe\xd1\x89\xd1\x8c'",2024-04-15T19:29:29,0,0,0
1713167995023729450,282c76fc3dd79c77840ffde3adfc124b,23582952,"b'03:00 \xd0\xa5\xd0\xbe\xd1\x80\xd0\xbe\xd1\x88\xd0\xb0\xd1\x8f \xd0\xbc\xd0\xb5\xd0\xb4\xd1\x81\xd0\xb5\xd1\x81\xd1\x82\xd1\x80\xd0\xb8\xd1\x87\xd0\xba\xd0\xb0, \xd1\x80\xd0\xb0\xd0\xb1\xd0\xbe\xd1\x87\xd0\xb0\xd1\x8f. \xd0\x98 \xd0\xba\xd0\xb0\xd0\xba \xd0\xb7\xd0\xb4\xd0\xbe\xd1\x80\xd0\xbe\xd0\xb2\xd0\xbe \xd1\x83 \xd0\xbd\xd0\xb5\xd1\x91 \xd0\xb2\xd1\x81\xd1\x91 \xd0\xbf\xd0\xbe\xd0\xbb\xd1\x83\xd1\x87\xd0\xb0\xd0\xb5\xd1\x82\xd1\x81\xd1\x8f \xf0\x9f\x98\x81'",2024-04-15T10:59:55,0,0,0
1712857146073916966,3951c1cd27a4f3aa40bfe2a80003e86c,28611099,b'\xd0\xbf\xd0\xbe\xd1\x87\xd0\xb5\xd0\xbc\xd1\x83 \xd1\x80\xd1\x83\xd1\x82\xd1\x83\xd0\xb1 \xd0\xb2\xd1\x8b\xd0\xb2\xd0\xb5\xd0\xbb \xd1\x8d\xd1\x82\xd0\xbe \xd0\xb2\xd0\xb8\xd0\xb4\xd0\xb5\xd0\xbe \xd0\xb2 24 \xd0\xb3\xd0\xbe\xd0\xb4\xd1\x83 \xd1\x8f \xd0\xb4\xd0\xb0\xd0\xb6\xd0\xb6 \xd0\xbd\xd0\xb5 \xd0\xb8\xd0\xb7 \xd0\xa0\xd1\x8f\xd0\xb7\xd0\xb0\xd0\xbd\xd0\xb8??????',2024-04-11T20:39:06,4,0,1
1711041537506279487,3951c1cd27a4f3aa40bfe2a80003e86c,28571040,b'\xd0\x9f\xd0\xbe\xd0\xb1\xd0\xbe\xd1\x80\xd0\xbe\xd1\x82\xd1\x8c \xd1\x81\xd0\xb2\xd0\xbe\xd0\xb8 \xd0\xbd\xd0\xb5\xd1\x80\xd0\xb2\xd1\x8b... \xd0\x97\xd0\xbe\xd0\xbb\xd0\xbe\xd1\x82\xd1\x8b\xd0\xb5 \xd1\x81\xd0\xbb\xd0\xbe\xd0\xb2\xd0\xb0!!! \xd0\xa4\xd0\xb8\xd0\xbb\xd0\xbe\xd1\x81\xd0\xbe\xd1\x84\xd0\xb8\xd1\x8f \xd0\xb6\xd0\xb8\xd0\xb7\xd0\xbd\xd0\xb8.',2024-03-21T20:18:57,3,0,0
1714767849280828773,f8fef3965f0c3a6b628626845e115834,33996011,b'\xd0\x9d\xd0\xb5\xd1\x82 \xd1\x81\xd0\xbb\xd0\xbe\xd0\xb2..',2024-05-03T23:24:09,0,0,0
1714765808920559738,969839b4ac5660d7ef98e678d72f1a88,34368151,b'\xd0\xa1\xd0\xbb\xd0\xb0\xd0\xb2\xd0\xb0 \xd0\xa0\xd0\xbe\xd1\x81\xd1\x81\xd0\xb8\xd0\xb8 \xd0\x90\xd1\x85\xd0\xbc\xd0\xb0\xd1\x82 \xd0\xa1\xd0\xb8\xd0\xbb\xd0\xb0 \xd0\xb8 \xd0\xbd\xd0\xb8\xd0\xb7\xd0\xba\xd0\xb8\xd0\xb9 \xd0\xbf\xd0\xbe\xd0\xba\xd0\xbb\xd0\xbe\xd0\xbd \xd0\xbe\xd1\x82 \xd0\x9b\xd0\xb8\xd1\x82\xd0\xbe\xd0\xb2\xd1\x86\xd0\xb0 \xd0\xb8 \xd1\x8f \xd0\xb1\xd1\x83\xd0\xb4\xd1\x83 \xd0\xb4\xd0\xbe \xd0\xbc\xd0\xbe\xd0\xb5\xd0\xb9 \xd1\x81\xd0\xbc\xd0\xb5\xd1\x80\xd1\x82\xd0\xb8 \xd0\xb7\xd0\xb0 \xd0\xa0\xd0\xbe\xd1\x81\xd1\x81\xd0\xb8\xd1\x8e',2024-05-03T22:50:08,0,0,0
1714765754187389638,d07826d07832d3503c263827251bee19,34368151,b'\xd0\xa1\xd0\xbb\xd0\xb0\xd0\xb2\xd0\xb0 \xd0\xa0\xd0\xbe\xd1\x81\xd1\x81\xd0\xb8\xd0\xb8 \xd0\x90\xd1\x85\xd0\xbc\xd0\xb0\xd1\x82 \xd0\xa1\xd0\xb8\xd0\xbb\xd0\xb0 \xd0\xb8 \xd0\xbd\xd0\xb8\xd0\xb7\xd0\xba\xd0\xb8\xd0\xb9 \xd0\xbf\xd0\xbe\xd0\xba\xd0\xbb\xd0\xbe\xd0\xbd \xd0\xbe\xd1\x82 \xd0\x9b\xd0\xb8\xd1\x82\xd0\xbe\xd0\xb2\xd1\x86\xd0\xb0 \xd0\xb8 \xd1\x8f \xd0\xb1\xd1\x83\xd0\xb4\xd1\x83 \xd0\xb4\xd0\xbe \xd0\xbc\xd0\xbe\xd0\xb5\xd0\xb9 \xd1\x81\xd0\xbc\xd0\xb5\xd1\x80\xd1\x82\xd0\xb8 \xd0\xb7\xd0\xb0 \xd0\xa0\xd0\xbe\xd1\x81\xd1\x81\xd0\xb8\xd1\x8e',2024-05-03T22:49:14,0,0,0
1714765741353439439,dcd55956d0499713a1948fd8dc42a198,34368151,b'\xd0\xa1\xd0\xbb\xd0\xb0\xd0\xb2\xd0\xb0 \xd0\xa0\xd0\xbe\xd1\x81\xd1\x81\xd0\xb8\xd0\xb8 \xd0\x90\xd1\x85\xd0\xbc\xd0\xb0\xd1\x82 \xd0\xa1\xd0\xb8\xd0\xbb\xd0\xb0 \xd0\xb8 \xd0\xbd\xd0\xb8\xd0\xb7\xd0\xba\xd0\xb8\xd0\xb9 \xd0\xbf\xd0\xbe\xd0\xba\xd0\xbb\xd0\xbe\xd0\xbd \xd0\xbe\xd1\x82 \xd0\x9b\xd0\xb8\xd1\x82\xd0\xbe\xd0\xb2\xd1\x86\xd0\xb0 \xd0\xb8 \xd1\x8f \xd0\xb1\xd1\x83\xd0\xb4\xd1\x83 \xd0\xb4\xd0\xbe \xd0\xbc\xd0\xbe\xd0\xb5\xd0\xb9 \xd1\x81\xd0\xbc\xd0\xb5\xd1\x80\xd1\x82\xd0\xb8 \xd0\xb7\xd0\xb0 \xd0\xa0\xd0\xbe\xd1\x81\xd1\x81\xd0\xb8\xd1\x8e',2024-05-03T22:49:01,0,0,0
1714765227156861486,eb3102548d03dca3aeeb3149d90b3527,34368151,b'\xd0\xa1\xd0\xbb\xd0\xb0\xd0\xb2\xd0\xb0 \xd0\xa0\xd0\xbe\xd1\x81\xd1\x81\xd0\xb8\xd0\xb8 \xd0\x90\xd1\x85\xd0\xbc\xd0\xb0\xd1\x82 \xd0\xa1\xd0\xb8\xd0\xbb\xd0\xb0 \xd0\xb8 \xd0\xbd\xd0\xb8\xd0\xb7\xd0\xba\xd0\xb8\xd0\xb9 \xd0\xbf\xd0\xbe\xd0\xba\xd0\xbb\xd0\xbe\xd0\xbd \xd0\xbe\xd1\x82 \xd0\x9b\xd0\xb8\xd1\x82\xd0\xbe\xd0\xb2\xd1\x86\xd0\xb0 \xd0\xb8 \xd1\x8f \xd0\xb1\xd1\x83\xd0\xb4\xd1\x83 \xd0\xb4\xd0\xbe \xd0\xbc\xd0\xbe\xd0\xb5\xd0\xb9 \xd1\x81\xd0\xbc\xd0\xb5\xd1\x80\xd1\x82\xd0\xb8 \xd0\xb7\xd0\xb0 \xd0\xa0\xd0\xbe\xd1\x81\xd1\x81\xd0\xb8\xd1\x8e',2024-05-03T22:40:27,0,0,0
1714765176446876970,609b11955ca3a98d81accc140b449d0f,34368151,b'\xd0\xa1\xd0\xbb\xd0\xb0\xd0\xb2\xd0\xb0 \xd0\xa0\xd0\xbe\xd1\x81\xd1\x81\xd0\xb8\xd0\xb8 \xd0\x90\xd1\x85\xd0\xbc\xd0\xb0\xd1\x82 \xd0\xa1\xd0\xb8\xd0\xbb\xd0\xb0 \xd0\xb8 \xd0\xbd\xd0\xb8\xd0\xb7\xd0\xba\xd0\xb8\xd0\xb9 \xd0\xbf\xd0\xbe\xd0\xba\xd0\xbb\xd0\xbe\xd0\xbd \xd0\xbe\xd1\x82 \xd0\x9b\xd0\xb8\xd1\x82\xd0\xbe\xd0\xb2\xd1\x86\xd0\xb0 \xd0\xb8 \xd1\x8f \xd0\xb1\xd1\x83\xd0\xb4\xd1\x83 \xd0\xb4\xd0\xbe \xd0\xbc\xd0\xbe\xd0\xb5\xd0\xb9 \xd1\x81\xd0\xbc\xd0\xb5\xd1\x80\xd1\x82\xd0\xb8 \xd0\xb7\xd0\xb0 \xd0\xa0\xd0\xbe\xd1\x81\xd1\x81\xd0\xb8\xd1\x8e',2024-05-03T22:39:36,0,0,0
1714765164261957835,649d07003ae62cc254f218ee8472346b,34368151,b'\xd0\xa1\xd0\xbb\xd0\xb0\xd0\xb2\xd0\xb0 \xd0\xa0\xd0\xbe\xd1\x81\xd1\x81\xd0\xb8\xd0\xb8 \xd0\x90\xd1\x85\xd0\xbc\xd0\xb0\xd1\x82 \xd0\xa1\xd0\xb8\xd0\xbb\xd0\xb0 \xd0\xb8 \xd0\xbd\xd0\xb8\xd0\xb7\xd0\xba\xd0\xb8\xd0\xb9 \xd0\xbf\xd0\xbe\xd0\xba\xd0\xbb\xd0\xbe\xd0\xbd \xd0\xbe\xd1\x82 \xd0\x9b\xd0\xb8\xd1\x82\xd0\xbe\xd0\xb2\xd1\x86\xd0\xb0 \xd0\xb8 \xd1\x8f \xd0\xb1\xd1\x83\xd0\xb4\xd1\x83 \xd0\xb4\xd0\xbe \xd0\xbc\xd0\xbe\xd0\xb5\xd0\xb9 \xd1\x81\xd0\xbc\xd0\xb5\xd1\x80\xd1\x82\xd0\xb8 \xd0\xb7\xd0\xb0 \xd0\xa0\xd0\xbe\xd1\x81\xd1\x81\xd0\xb8\xd1\x8e',2024-05-03T22:39:24,0,0,0
1714765198776130734,dcefa23133a1bf9d82046cb7c69482d9,34368151,b'\xd0\xa1\xd0\xbb\xd0\xb0\xd0\xb2\xd0\xb0 \xd0\xa0\xd0\xbe\xd1\x81\xd1\x81\xd0\xb8\xd0\xb8 \xd0\x90\xd1\x85\xd0\xbc\xd0\xb0\xd1\x82 \xd0\xa1\xd0\xb8\xd0\xbb\xd0\xb0 \xd0\xb8 \xd0\xbd\xd0\xb8\xd0\xb7\xd0\xba\xd0\xb8\xd0\xb9 \xd0\xbf\xd0\xbe\xd0\xba\xd0\xbb\xd0\xbe\xd0\xbd \xd0\xbe\xd1\x82 \xd0\x9b\xd0\xb8\xd1\x82\xd0\xbe\xd0\xb2\xd1\x86\xd0\xb0 \xd0\xb8 \xd1\x8f \xd0\xb1\xd1\x83\xd0\xb4\xd1\x83 \xd0\xb4\xd0\xbe \xd0\xbc\xd0\xbe\xd0\xb5\xd0\xb9 \xd1\x81\xd0\xbc\xd0\xb5\xd1\x80\xd1\x82\xd0\xb8 \xd0\xb7\xd0\xb0 \xd0\xa0\xd0\xbe\xd1\x81\xd1\x81\xd0\xb8\xd1\x8e',2024-05-03T22:39:58,1,0,0
1714765084549359567,20a1be2c3fb2ad5fafda599c814ac4f2,34368151,b'\xd0\xa1\xd0\xbb\xd0\xb0\xd0\xb2\xd0\xb0 \xd0\xa0\xd0\xbe\xd1\x81\xd1\x81\xd0\xb8\xd0\xb8 \xd0\x90\xd1\x85\xd0\xbc\xd0\xb0\xd1\x82 \xd0\xa1\xd0\xb8\xd0\xbb\xd0\xb0 \xd0\xb8 \xd0\xbd\xd0\xb8\xd0\xb7\xd0\xba\xd0\xb8\xd0\xb9 \xd0\xbf\xd0\xbe\xd0\xba\xd0\xbb\xd0\xbe\xd0\xbd \xd0\xbe\xd1\x82 \xd0\x9b\xd0\xb8\xd1\x82\xd0\xbe\xd0\xb2\xd1\x86\xd0\xb0 \xd0\xb8 \xd1\x8f \xd0\xb1\xd1\x83\xd0\xb4\xd1\x83 \xd0\xb4\xd0\xbe \xd0\xbc\xd0\xbe\xd0\xb5\xd0\xb9 \xd1\x81\xd0\xbc\xd0\xb5\xd1\x80\xd1\x82\xd0\xb8 \xd0\xb7\xd0\xb0 \xd0\xa0\xd0\xbe\xd1\x81\xd1\x81\xd0\xb8\xd1\x8e',2024-05-03T22:38:04,0,0,0
1714765051923338007,7549ac379e5e227ce0c1c27fbfa77a36,34368151,b'\xd0\xa1\xd0\xbb\xd0\xb0\xd0\xb2\xd0\xb0 \xd0\xa0\xd0\xbe\xd1\x81\xd1\x81\xd0\xb8\xd0\xb8 \xd0\x90\xd1\x85\xd0\xbc\xd0\xb0\xd1\x82 \xd0\xa1\xd0\xb8\xd0\xbb\xd0\xb0 \xd0\xb8 \xd0\xbd\xd0\xb8\xd0\xb7\xd0\xba\xd0\xb8\xd0\xb9 \xd0\xbf\xd0\xbe\xd0\xba\xd0\xbb\xd0\xbe\xd0\xbd \xd0\xbe\xd1\x82 \xd0\x9b\xd0\xb8\xd1\x82\xd0\xbe\xd0\xb2\xd1\x86\xd0\xb0 \xd0\xb8 \xd1\x8f \xd0\xb1\xd1\x83\xd0\xb4\xd1\x83 \xd0\xb4\xd0\xbe \xd0\xbc\xd0\xbe\xd0\xb5\xd0\xb9 \xd1\x81\xd0\xbc\xd0\xb5\xd1\x80\xd1\x82\xd0\xb8 \xd0\xb7\xd0\xb0 \xd0\xa0\xd0\xbe\xd1\x81\xd1\x81\xd0\xb8\xd1\x8e',2024-05-03T22:37:31,0,0,0
1714764149496492382,4f84fa78a609dcd586025935857f55f9,3446112,b'\xd0\xa3\xd1\x80\xd0\xb0! \xd0\x9d\xd0\xb0\xd0\xba\xd0\xbe\xd0\xbd\xd0\xb5\xd1\x86-\xd1\x82\xd0\xbe \xd0\xbd\xd0\xb0\xd1\x87\xd0\xb0\xd0\xbb\xd0\xb8 \xd0\xba\xd0\xbe\xd1\x88\xd0\xbc\xd0\xb0\xd0\xb3\xd0\xb8\xd1\x82\xd1\x8c \xd0\xbd\xd0\xb0\xd1\x80\xd1\x83\xd1\x88\xd0\xb8\xd1\x82\xd0\xb5\xd0\xbb\xd0\xb5\xd0\xb9! \xf0\x9f\x8e\x89',2024-05-03T22:22:29,0,0,0
1714764101844083677,427d0beb1f2a68f71e8e837e914898c3,34368151,b'\xd0\xa1\xd0\xbb\xd0\xb0\xd0\xb2\xd0\xb0 \xd0\xa0\xd0\xbe\xd1\x81\xd1\x81\xd0\xb8\xd0\xb8 \xd0\x90\xd1\x85\xd0\xbc\xd0\xb0\xd1\x82 \xd0\xa1\xd0\xb8\xd0\xbb\xd0\xb0 \xd0\xb8 \xd0\xbd\xd0\xb8\xd0\xb7\xd0\xba\xd0\xb8\xd0\xb9 \xd0\xbf\xd0\xbe\xd0\xba\xd0\xbb\xd0\xbe\xd0\xbd \xd0\xbe\xd1\x82 \xd0\x9b\xd0\xb8\xd1\x82\xd0\xbe\xd0\xb2\xd1\x86\xd0\xb0 \xd0\xb8 \xd1\x8f \xd0\xb1\xd1\x83\xd0\xb4\xd1\x83 \xd0\xb4\xd0\xbe \xd0\xbc\xd0\xbe\xd0\xb5\xd0\xb9 \xd1\x81\xd0\xbc\xd0\xb5\xd1\x80\xd1\x82\xd0\xb8 \xd0\xb7\xd0\xb0 \xd0\xa0\xd0\xbe\xd1\x81\xd1\x81\xd0\xb8\xd1\x8e',2024-05-03T22:21:41,0,0,0
1714764070715254986,cfb5e8ada97cca70416488c7286f480e,34368151,b'\xd0\xa1\xd0\xbb\xd0\xb0\xd0\xb2\xd0\xb0 \xd0\xa0\xd0\xbe\xd1\x81\xd1\x81\xd0\xb8\xd0\xb8 \xd0\x90\xd1\x85\xd0\xbc\xd0\xb0\xd1\x82 \xd0\xa1\xd0\xb8\xd0\xbb\xd0\xb0 \xd0\xb8 \xd0\xbd\xd0\xb8\xd0\xb7\xd0\xba\xd0\xb8\xd0\xb9 \xd0\xbf\xd0\xbe\xd0\xba\xd0\xbb\xd0\xbe\xd0\xbd \xd0\xbe\xd1\x82 \xd0\x9b\xd0\xb8\xd1\x82\xd0\xbe\xd0\xb2\xd1\x86\xd0\xb0 \xd0\xb8 \xd1\x8f \xd0\xb1\xd1\x83\xd0\xb4\xd1\x83 \xd0\xb4\xd0\xbe \xd0\xbc\xd0\xbe\xd0\xb5\xd0\xb9 \xd1\x81\xd0\xbc\xd0\xb5\xd1\x80\xd1\x82\xd0\xb8 \xd0\xb7\xd0\xb0 \xd0\xa0\xd0\xbe\xd1\x81\xd1\x81\xd0\xb8\xd1\x8e',2024-05-03T22:21:10,0,0,0
1713533285875729665,0006580cbbb03928c633bca451ab035f,34313699,"b'\xd1\x8f \xd0\xbd\xd0\xb0\xd0\xba\xd0\xbe\xd0\xbd\xd0\xb5\xd1\x86 \xd1\x82\xd0\xbe \xd0\xbe\xd1\x81\xd0\xbb\xd0\xb5\xd0\xbf, \xd0\xbc\xd0\xb5\xd0\xbd\xd0\xb5 \xd0\xbf\xd0\xbe\xd0\xb4\xd0\xba\xd0\xb8\xd0\xbd\xd1\x83\xd0\xbb\xd0\xb8 \xd1\x80\xd0\xb5\xd0\xba\xd0\xbe\xd0\xbc\xd0\xb5\xd0\xbd\xd0\xb4\xd0\xb0\xd1\x86\xd0\xb8\xd1\x8e \xd0\xb3\xd0\xb0\xd0\xb7\xd0\xbf\xd1\x80\xd0\xbe\xd0\xbc \xd0\xbe\xd0\xbf\xd1\x82\xd0\xb8\xd0\xba\xd1\x83.'",2024-04-19T16:28:05,0,0,0
1712078286142843748,0006580cbbb03928c633bca451ab035f,24414814,b'\xd0\x9a\xd0\xa0\xd0\x98\xd0\x9d\xd0\x96. \xd0\x9c\xd0\x95\xd0\xa1\xd0\xa2\xd0\x9d\xd0\x9e\xd0\x95 \xd0\xa2\xd0\x92 \xd0\xba\xd0\xb0\xd0\xba \xd0\xbe\xd1\x82\xd0\xb4\xd0\xb5\xd0\xbb\xd1\x8c\xd0\xbd\xd1\x8b\xd0\xb9 \xd0\xb2\xd0\xb8\xd0\xb4 \xd0\xb8\xd1\x81\xd0\xba\xd1\x83\xd1\x81\xd1\x81\xd1\x82\xd0\xb2\xd0\xb0. \xd0\x95\xd1\x89\xd0\xb5 \xd0\xb8 2013 \xd0\xb3\xd0\xbe\xd0\xb4. \xd1\x81\xd0\xb5\xd0\xb9\xd1\x87\xd0\xb0\xd1\x81 \xd0\xbd\xd0\xb0 \xd1\x82\xd0\xb0\xd0\xbf\xd0\xbe\xd0\xba \xd0\xbb\xd1\x83\xd1\x87\xd1\x88\xd0\xb5 \xd0\xba\xd0\xb0\xd1\x87\xd0\xb5\xd1\x81\xd1\x82\xd0\xb2\xd0\xbe',2024-04-02T20:18:06,5,0,0
1710912306748054623,0006580cbbb03928c633bca451ab035f,25287832,b'\xd0\x9d\xd0\xbe\xd0\xb2\xd0\xbe\xd1\x81\xd1\x82\xd0\xb8 \xd1\x8d\xd1\x82\xd0\xbe\xd0\xb3\xd0\xbe \xd0\xb4\xd0\xbd\xd1\x8f. \xd0\x92\xd1\x8b \xd1\x87\xd1\x91 \xd1\x80\xd1\x83\xd1\x82\xd1\x83\xd0\xb1?!',2024-03-20T08:25:06,7,0,1
1714597507644704797,0b5f72b72f58bb9535f755c6794fae71,25125207,b'\xf0\x9f\x91\x8d',2024-05-02T00:05:07,0,0,0
1712658177107235641,127043fd2c5108b4536d708e1463419e,25188617,b'\xd0\xb0 \xd0\xbc\xd0\xbe\xd0\xb6\xd0\xbd\xd0\xbe \xd1\x8d\xd1\x82\xd0\xbe\xd0\xb3\xd0\xbe \xd1\x82\xd0\xb8\xd0\xbf\xd0\xb0 \xd1\x81 \xd0\xa0\xd1\x8f\xd0\xb7\xd0\xb0\xd0\xbd\xd0\xb8 \xd0\xb2 \xd0\xa0\xd0\xbe\xd1\x81\xd1\x82\xd0\xbe\xd0\xb2 \xd0\xbf\xd1\x80\xd0\xb8\xd0\xb3\xd0\xbb\xd0\xb0\xd1\x81\xd0\xb8\xd1\x82\xd1\x8c \xd0\xbf\xd1\x83\xd1\x81\xd1\x82\xd1\x8c \xd1\x82\xd1\x83\xd1\x82 \xd0\xbf\xd0\xb8\xd0\xbd\xd0\xba\xd0\xb0 \xd0\xb4\xd0\xb0\xd1\x81\xd1\x82 \xd0\xbd\xd0\xb0\xd1\x88\xd0\xb5\xd0\xb9 \xd0\xb0\xd0\xb4\xd0\xbc\xd0\xb8\xd0\xbd\xd0\xb8\xd1\x81\xd1\x82\xd1\x80\xd0\xb0\xd1\x86\xd0\xb8\xd0\xb8!',2024-04-09T13:22:57,1,0,0
1712031186490180035,127043fd2c5108b4536d708e1463419e,24013694,b'\xd0\x92 \xd0\x9a\xd0\xb5\xd0\xbc\xd0\xb5\xd1\x80\xd0\xbe\xd0\xb2\xd0\xbe \xd1\x82\xd0\xb0\xd0\xba\xd0\xb0\xd1\x8f \xd0\xb6\xd0\xb5 \xd0\xb1\xd0\xb5\xd0\xb4\xd0\xb0. \xd0\xa1\xd0\xbe\xd0\xb2\xd1\x81\xd0\xb5\xd0\xbc \xd0\xb7\xd0\xb0\xd0\xb1\xd1\x8b\xd0\xbb\xd0\xb8 \xd0\xbf\xd1\x80\xd0\xbe \xd0\xb4\xd0\xbe\xd1\x80\xd0\xbe\xd0\xb3\xd0\xb8. \xd0\x92\xd0\xb5\xd0\xb7\xd0\xb4\xd0\xb5 \xd1\x8f\xd0\xbc\xd1\x8b',2024-04-02T07:13:06,0,0,0
1710224611887996843,127043fd2c5108b4536d708e1463419e,35780354,b'\xd0\x9c\xd1\x8b \xd1\x81 \xd0\x92\xd0\xb0\xd0\xbc\xd0\xb8 \xd1\x82\xd0\xb5\xd0\xbf\xd0\xb5\xd1\x80\xd1\x8c \xd0\xbd\xd0\xb0 \xd0\xa0\xd1\x83\xd1\x82\xd1\x83\xd0\xb1',2024-03-12T09:23:31,0,0,2
1713803370162896221,172a037a17a3a9a33a3513dc6e1696d2,27241778,"b'\xd0\x91\xd0\xbe\xd0\xbb\xd1\x8c\xd0\xbd\xd1\x8b\xd0\xb5 \xd0\xbb\xd1\x8e\xd0\xb4\xd0\xb8! \xd0\x94\xd0\xb0\xd0\xb2\xd0\xb0\xd0\xb9\xd1\x82\xd0\xb5 \xd0\xb2\xd1\x81\xd0\xb5 \xd0\xb1\xd1\x83\xd0\xb4\xd1\x83\xd1\x82 \xd0\xbf\xd1\x80\xd0\xb5\xd0\xb4\xd0\xbf\xd1\x80\xd0\xb8\xd0\xbd\xd0\xb8\xd0\xbc\xd0\xb0\xd1\x82\xd0\xb5\xd0\xbb\xd1\x8f\xd0\xbc\xd0\xb8 - \xd1\x82\xd0\xbe\xd0\xb3\xd0\xb4\xd0\xb0 \xd0\xba\xd1\x82\xd0\xbe \xd1\x83 \xd0\xbd\xd0\xb8\xd1\x85 \xd1\x80\xd0\xb0\xd0\xb1\xd0\xbe\xd1\x82\xd0\xb0\xd1\x82\xd1\x8c \xd0\xb1\xd1\x83\xd0\xb4\xd0\xb5\xd1\x82!? \xd0\x9d\xd0\xb5 \xd0\xb7\xd0\xbd\xd0\xb0\xd1\x8e\xd1\x89\xd0\xb8\xd0\xb5 \xd1\x80\xd1\x83\xd1\x81\xd1\x81\xd0\xba\xd0\xbe\xd0\xb3\xd0\xbe \xd1\x8f\xd0\xb7\xd1\x8b\xd0\xba\xd0\xb0 \xd0\xbc\xd0\xb8\xd0\xb3\xd1\x80\xd0\xb0\xd0\xbd\xd1\x82\xd1\x8b?! \xd0\x94\xd0\x95\xd0\x91\xd0\x98\xd0\x9b\xd0\xab, \xd0\x9e\xd0\xa1\xd0\xa2\xd0\x90\xd0\x9d\xd0\x9e\xd0\x92\xd0\x98\xd0\xa2\xd0\x95\xd0\xa1\xd0\xac!'",2024-04-22T19:29:30,1,0,0
1712989577058641345,172a037a17a3a9a33a3513dc6e1696d2,28445393,b'\xd0\xa2\xd0\x9a\xd0\xa0 - \xd0\xba\xd0\xb0\xd0\xba \xd1\x80\xd0\xb0\xd1\x81\xd1\x88\xd0\xb8\xd1\x84\xd1\x80\xd0\xbe\xd0\xb2\xd0\xb0\xd1\x82\xd1\x8c ?',2024-04-13T09:26:17,0,0,2
1712817695961143914,172a037a17a3a9a33a3513dc6e1696d2,33277540,b'\xd0\x9a\xd0\xb0\xd0\xba\xd0\xbe\xd0\xb3\xd0\xbe \xd1\x80\xd0\xb5\xd0\xb3\xd0\xb8\xd0\xbe\xd0\xbd\xd0\xb0? \xd0\x90\xd0\xbb\xd1\x91.',2024-04-11T09:41:35,1,0,0
1710539506090876499,172a037a17a3a9a33a3513dc6e1696d2,27220645,b'\xd0\x9a\xd0\xb0\xd0\xba \xd1\x8d\xd1\x82\xd0\xbe \xd0\xb7\xd0\xb0\xd0\xbf\xd1\x83\xd1\x81\xd1\x82\xd0\xb8\xd0\xbb\xd0\xbe\xd1\x81\xd1\x8c \xd0\xb4\xd0\xbb\xd1\x8f \xd0\xa1\xd0\x9c\xd0\x9b???',2024-03-16T00:51:46,1,0,0
1713776962264479514,1ccaebb582723bccc71a979eb2558bd1,36372014,b'\xd0\xbc\xd0\xb8\xd0\xbb\xd0\xbb\xd0\xb8\xd0\xb0\xd1\x80\xd0\xb4\xd1\x8b \xd0\xb2\xd0\xbb\xd0\xb8\xd0\xb2\xd0\xb0\xd1\x8e\xd1\x82 \xd0\xb2 \xd1\x8d\xd1\x82\xd1\x83 \xd0\xbd\xd0\xb5 \xd0\xb4\xd0\xbe\xd0\xb1\xd0\xb8\xd1\x82\xd1\x83\xd1\x8e \xd1\x87\xd0\xb5\xd1\x87\xd0\xbd\xd1\x8e \xd0\xb8\xd0\xbc \xd0\xbf\xd0\xbe \xd1\x85\xd1\x80\xd0\xb5\xd0\xbd \xd0\xb2\xd1\x81\xd0\xb5 \xd0\xa0\xd0\xbe\xd1\x81\xd1\x81\xd0\xb8\xd0\xb9\xd1\x81\xd0\xba\xd0\xb8\xd0\xb5 \xd0\xb7\xd0\xb0\xd0\xba\xd0\xbe\xd0\xbd\xd1\x8b \xd1\x83 \xd0\xbd\xd0\xb8\xd1\x85 \xd1\x81\xd0\xb2\xd0\xbe\xd0\xb9 \xd0\xb7\xd0\xb0\xd0\xba\xd0\xbe\xd0\xbd \xd1\x82\xd0\xbe\xd1\x81\xd0\xba\xd1\x83\xd0\xb5\xd1\x82 \xd0\xbf\xd0\xbe \xd0\xbd\xd0\xb8\xd0\xbc \xd0\xbc\xd0\xb0\xd0\xb3\xd0\xb0\xd0\xb4\xd0\xb0\xd0\xbd \xd0\xb8 \xd1\x81\xd0\xb8\xd0\xb1\xd0\xb8\xd1\x80\xd1\x8c',2024-04-22T12:09:22,0,1,0
1713075018362811206,1dc9f32dc3afb84ca41df2af0cf08121,24445038,"b'\xd0\xad\xd1\x82\xd0\xbe \xd0\xb6\xd0\xb5 \xd0\xbe\xd0\xbd\xd0\xb8 \xd1\x82\xd0\xb8\xd0\xbf\xd0\xb0 \xc2\xab\xd0\xbf\xd0\xbe \xd1\x81\xd0\xb2\xd0\xbe\xd0\xb8\xd0\xbc\xc2\xbb \xd1\x82\xd0\xb5\xd1\x80\xd1\x80\xd0\xb8\xd1\x82\xd0\xbe\xd1\x80\xd0\xb8\xd1\x8f\xd0\xbc \xd0\xb1\xd1\x8c\xd1\x8e\xd1\x82. \xd0\x9f\xd0\xbe \xd0\xb4\xd0\xb5\xd1\x82\xd1\x81\xd0\xba\xd0\xb8\xd0\xbc \xd1\x81\xd0\xb0\xd0\xb4\xd0\xb0\xd0\xbc \xd0\xb2 \xd0\xbe\xd1\x81\xd0\xbd\xd0\xbe\xd0\xb2\xd0\xbd\xd0\xbe\xd0\xbc, \xd1\x88\xd0\xba\xd0\xbe\xd0\xbb\xd0\xb0\xd0\xbc \xd0\xb8 \xd0\xbc\xd0\xb8\xd1\x80\xd0\xbd\xd1\x8b\xd0\xbc \xd0\xb6\xd0\xb8\xd1\x82\xd0\xb5\xd0\xbb\xd1\x8f\xd0\xbc. \xd0\x96\xd0\xb8\xd0\xb4\xd0\xbe\xd0\xb1\xd0\xb0\xd0\xbd\xd0\xb4\xd0\xb5\xd1\x80\xd0\xbe\xd0\xb2\xd1\x81\xd0\xba\xd0\xb0\xd1\x8f \xd1\x85\xd1\x83\xd0\xbd\xd1\x82\xd0\xb0 \xd0\xbf\xd0\xbe \xd0\xb4\xd1\x80\xd1\x83\xd0\xb3\xd0\xbe\xd0\xbc\xd1\x83 \xd0\xb8 \xd0\xbd\xd0\xb5 \xd1\x83\xd0\xbc\xd0\xb5\xd0\xb5\xd1\x82.'",2024-04-14T09:10:18,1,0,0
1710713063205886779,1dc9f32dc3afb84ca41df2af0cf08121,35382005,b'\xd0\x90 \xd1\x82\xd1\x8b \xd0\xbd\xd0\xb5 \xd0\xb2\xd1\x8b\xd1\x85\xd0\xbe\xd0\xb4\xd0\xb8. \xd0\x9f\xd0\xbe \xd0\xbd\xd0\xb8\xd0\xbc \xd0\xbc\xd0\xbe\xd0\xb6\xd0\xbd\xd0\xbe? \xd0\x90 \xd0\xbf\xd0\xbe \xd1\x82\xd0\xb5\xd0\xb1\xd0\xb5 \xd0\xbf\xd1\x80\xd0\xbe\xd1\x82\xd0\xb8\xd0\xb2\xd0\xbe\xd0\xb7\xd0\xb0\xd0\xba\xd0\xbe\xd0\xbd\xd0\xbd\xd0\xbe? \xd0\x9b\xd0\xbe\xd0\xb2\xd0\xb8 \xd0\xb5\xd0\xbf\xd1\x82.',2024-03-18T01:04:23,0,6,0
1710607100015520738,1dc9f32dc3afb84ca41df2af0cf08121,24365925,"b'\xd0\x97\xd0\xb0\xd0\xb4\xd0\xbe\xd0\xbb\xd0\xb1\xd0\xb0\xd0\xbb\xd0\xb8 \xd1\x8d\xd1\x82\xd0\xb8 \xd1\x85\xd0\xb0\xd1\x85\xd0\xbb\xd1\x8b ,\xd0\xba\xd0\xb0\xd0\xba  \xd0\xbe\xd0\xbd\xd0\xb8 \xd0\xbd\xd0\xb0\xd0\xb4\xd0\xb5\xd0\xbb\xd0\xb8 , \xd1\x82\xd1\x80\xd0\xb5\xd1\x82\xd0\xb8\xd0\xb9 \xd0\xb4\xd0\xb5\xd0\xbd\xd1\x8c \xd0\xbf\xd0\xbe\xd0\xb4 \xd1\x81\xd1\x82\xd1\x80\xd0\xb0\xd1\x85\xd0\xbe\xd0\xbc \xd0\xb2\xd1\x8b\xd1\x85\xd0\xbe\xd0\xb4\xd0\xb8\xd1\x88\xd1\x8c \xd0\xb2 \xd0\x91\xd0\xb5\xd0\xbb\xd0\xb3\xd0\xbe\xd1\x80\xd0\xbe\xd0\xb4\xd0\xb5 \xd0\xbd\xd0\xb0 \xd1\x83\xd0\xbb\xd0\xb8\xd1\x86\xd1\x83 . \xd0\x9d\xd0\xb5 \xd0\xb7\xd0\xbd\xd0\xb0\xd0\xb5\xd1\x88\xd1\x8c \xd0\xba\xd0\xbe\xd0\xb3\xd0\xb4\xd0\xb0 \xd0\xb8 \xd0\xba\xd1\x83\xd0\xb4\xd0\xb0 \xd0\xbf\xd1\x80\xd0\xb8\xd0\xbb\xd0\xb5\xd1\x82\xd0\xb8\xd1\x82 . \xd0\x90 \xd0\xa5\xd0\xb0\xd1\x85\xd0\xbb\xd1\x8b \xd1\x85\xd0\xbe\xd0\xb4\xd1\x8f\xd1\x82 \xd0\xbf\xd0\xbe \xd1\x83\xd0\xbb\xd0\xb8\xd1\x86\xd0\xb0\xd0\xbc \xd0\xb8 \xd0\xb5\xd1\x89\xd1\x91 \xd0\xb3\xd0\xbe\xd0\xb2\xd0\xbe\xd1\x80\xd1\x8f\xd1\x82 \xd1\x83 \xd0\xbd\xd0\xb8\xd1\x85 \xd1\x82\xd0\xbe\xd0\xbb\xd1\x8c\xd0\xba\xd0\xbe - \xd0\xbd\xd0\xbe\xd1\x87\xd0\xbd\xd1\x8b\xd0\xb5 \xd0\xb1\xd0\xbe\xd0\xbc\xd0\xb1\xd0\xb5\xd0\xb6\xd0\xba\xd0\xb8 , \xd1\x82\xd0\xb0\xd0\xba \xd0\xb8\xd0\xbc \xd0\xbe\xd0\xb1\xd1\x8a\xd1\x8f\xd0\xb2\xd0\xb8\xd0\xbb\xd0\xb8'",2024-03-16T19:38:20,5,1,0
1710591144076980431,1dc9f32dc3afb84ca41df2af0cf08121,33277540,"b'\xd0\x92\xd1\x81\xd1\x91 \xd0\xba\xd0\xbe\xd0\xbd\xd0\xb5\xd1\x87\xd0\xbd\xd0\xbe \xd0\xbe\xd0\xbd\xd0\xb8 \xd1\x81\xd0\xb5\xd0\xb9\xd1\x87\xd0\xb0\xd1\x81 \xd0\xb4\xd0\xb5\xd0\xbb\xd0\xb0\xd1\x8e\xd1\x82, \xd0\xb2\xd1\x81\xd1\x91 \xd0\xb2\xd0\xb5\xd1\x80\xd0\xbd\xd1\x91\xd1\x82\xd1\x81\xd1\x8f. \xd0\xa5\xd0\xbe\xd1\x82\xd1\x8c \xd0\xb4\xd0\xbe \xd1\x81\xd0\xb8\xd1\x85 \xd0\xbf\xd0\xbe\xd1\x80 \xd0\xb8 \xd0\xbd\xd0\xb5 \xd0\xbf\xd0\xbe\xd0\xbd\xd1\x8f\xd0\xbb\xd0\xb8.\xd0\xa3\xd0\xb4\xd0\xb0\xd1\x87\xd0\xb8 \xd0\xbd\xd0\xb0\xd1\x88\xd0\xb8\xd0\xbc \xd0\xb8 \xd1\x81\xd0\xbc\xd0\xb5\xd1\x80\xd1\x82\xd1\x8c \xd1\x84\xd0\xb0\xd1\x88\xd0\xb8\xd1\x81\xd1\x82\xd0\xb0\xd0\xbc \xd0\xba\xd0\xb0\xd0\xba 45\xd0\xbe\xd0\xbc.'",2024-03-16T15:12:24,9,0,0
1710585145520830910,1dc9f32dc3afb84ca41df2af0cf08121,26704365,"b'\xd0\x92\xd0\xbe\xd1\x82 \xd0\xbf\xd0\xbe\xd1\x81\xd0\xbb\xd0\xb5 \xd1\x82\xd0\xb0\xd0\xba\xd0\xb8\xd1\x85 \xd0\xb0\xd1\x82\xd0\xb0\xd0\xba \xd0\x92\xd0\xa1\xd0\xa3 \xd0\xbd\xd0\xb5 \xd0\xbe\xd1\x81\xd1\x82\xd0\xb0\xd0\xb5\xd1\x82\xd1\x81\xd1\x8f \xd1\x81\xd0\xbe\xd0\xbc\xd0\xbd\xd0\xb5\xd0\xbd\xd0\xb8\xd0\xb9,\xd1\x87\xd1\x82\xd0\xbe \xd0\x9a\xd0\xb8\xd0\xb5\xd0\xb2\xd1\x81\xd0\xba\xd0\xb8\xd0\xb9 \xd1\x80\xd0\xb5\xd0\xb6\xd0\xb8\xd0\xbc - \xd1\x82\xd0\xb5\xd1\x80\xd1\x80\xd0\xbe\xd1\x80\xd0\xb8\xd1\x81\xd1\x82\xd0\xb8\xd1\x87\xd0\xb5\xd1\x81\xd0\xba\xd0\xb8\xd0\xb9!\xd0\xa5\xd0\xbe\xd1\x82\xd1\x8f\xd1\x82 \xd0\xbd\xd0\xb0\xd0\xbd\xd0\xb5\xd1\x81\xd1\x82\xd0\xb8 \xd0\xb2\xd1\x80\xd0\xb5\xd0\xb4 \xd0\xb2\xd1\x81\xd0\xb5\xd0\xb9 \xd0\xbf\xd0\xbb\xd0\xb0\xd0\xbd\xd0\xb5\xd1\x82\xd0\xb5!!!'",2024-03-16T13:32:25,11,1,0
1712979444464338014,1e4a06de073a5bd392f546220e7ac2e4,34025116,"b'\xd0\x9f\xd0\xbe\xd0\xba\xd0\xb0 \xd0\xbe\xd0\xb4\xd0\xbd\xd0\xb8 \xd0\xb3\xd0\xb8\xd0\xb1\xd0\xbd\xd1\x83\xd1\x82 \xd0\xb2 \xd0\xba\xd1\x80\xd0\xbe\xd0\xb2\xd0\xbe\xd0\xbf\xd1\x80\xd0\xbe\xd0\xbb\xd0\xb8\xd1\x82\xd0\xbd\xd0\xbe\xd0\xb9 \xd0\xb1\xd0\xbe\xd0\xb9\xd0\xbd\xd0\xb5, \xd0\xb4\xd1\x80\xd1\x83\xd0\xb3\xd0\xb8\xd0\xbc \xd1\x81\xd0\xbe\xd0\xb7\xd0\xb4\xd0\xb0\xd1\x8e\xd1\x82 \xd0\xba\xd0\xbe\xd0\xbc\xd1\x84\xd0\xbe\xd1\x80\xd1\x82\xd0\xbd\xd1\x8b\xd0\xb5 \xd1\x83\xd1\x81\xd0\xbb\xd0\xbe\xd0\xb2\xd0\xb8\xd1\x8f \xd0\xb4\xd0\xbb\xd1\x8f \xd0\xbe\xd0\xb1\xd0\xbe\xd0\xb3\xd0\xb0\xd1\x89\xd0\xb5\xd0\xbd\xd0\xb8\xd1\x8f. \xd0\xad\xd1\x82\xd0\xbe \xd0\xbe \xd1\x86\xd0\xb5\xd0\xbd\xd0\xbd\xd0\xbe\xd1\x81\xd1\x82\xd1\x8f\xd1\x85 \xd0\xbd\xd1\x8b\xd0\xbd\xd0\xb5\xd1\x88\xd0\xbd\xd0\xb5\xd0\xb3\xd0\xbe \xd0\xbe\xd0\xb1\xd1\x89\xd0\xb5\xd1\x81\xd1\x82\xd0\xb2\xd0\xb0.'",2024-04-13T06:37:24,3,0,1
1712979279882478427,1e4a06de073a5bd392f546220e7ac2e4,34025116,"b'\xd0\x9e\xd1\x87\xd0\xb5\xd1\x80\xd0\xb5\xd0\xb4\xd0\xbd\xd0\xbe\xd0\xb5 \xd0\xb1\xd0\xbb\xd0\xb0 \xd0\xb1\xd0\xbb\xd0\xb0 \xd0\xb1\xd0\xbb\xd0\xb0 \xd0\xbf\xd1\x80\xd0\xbe \xd0\xb1\xd0\xb8\xd0\xb7\xd0\xbd\xd0\xb5\xd1\x81, \xd0\xbf\xd1\x80\xd0\xb8\xd0\xb1\xd1\x8b\xd0\xbb\xd1\x8c,  \xd0\xbd\xd0\xb0\xd0\xb2\xd0\xb0\xd1\x80.  \xd0\xa3\xd0\xbf\xd0\xbe\xd1\x80 \xd0\xb4\xd0\xb5\xd0\xbb\xd0\xb0\xd0\xb5\xd1\x82\xd1\x81\xd1\x8f \xd0\xbd\xd0\xb0 \xd0\xbe\xd0\xbb\xd0\xb8\xd0\xb3\xd0\xb0\xd1\x80\xd1\x85\xd0\xbe\xd0\xb2 \xd0\xb8 \xd0\xba\xd0\xb0\xd0\xbf\xd0\xb8\xd1\x82\xd0\xb0\xd0\xbb \xd0\xb8\xd0\xbd\xd1\x82\xd0\xb5\xd1\x80\xd0\xb5\xd1\x81 \xd0\xba\xd0\xbe\xd1\x82\xd0\xbe\xd1\x80\xd1\x8b\xd1\x85 \xd0\xb8\xd1\x81\xd0\xba\xd0\xbb\xd1\x8e\xd1\x87\xd0\xb8\xd1\x82\xd0\xb5\xd0\xbb\xd1\x8c\xd0\xbd\xd0\xbe - \xd0\xbf\xd1\x80\xd0\xb8\xd0\xb1\xd1\x8b\xd0\xbb\xd1\x8c , \xd0\xbe\xd0\xb1\xd0\xbe\xd0\xb3\xd0\xb0\xd1\x89\xd0\xb5\xd0\xbd\xd0\xb8\xd0\xb5 \xd0\xb0 \xd0\xbd\xd0\xb5 \xd1\x80\xd0\xb0\xd0\xb7\xd0\xb2\xd0\xb8\xd1\x82\xd0\xb8\xd0\xb5, \xd0\xbf\xd0\xbe\xd0\xb2\xd1\x8b\xd1\x88\xd0\xb5\xd0\xbd\xd0\xb8\xd0\xb5 \xd0\xb6\xd0\xb8\xd0\xb7\xd0\xbd\xd0\xb5\xd0\xbd\xd0\xbd\xd0\xbe\xd0\xb3\xd0\xbe \xd1\x83\xd1\x80\xd0\xbe\xd0\xb2\xd0\xbd\xd1\x8f \xd0\xb3\xd1\x80\xd0\xb0\xd0\xb6\xd0\xb4\xd0\xb0\xd0\xbd, \xd1\x81\xd0\xb1\xd0\xb0\xd0\xbb\xd0\xb0\xd0\xbd\xd1\x81\xd0\xb8\xd1\x80\xd0\xbe\xd0\xb2\xd0\xb0\xd0\xbd\xd0\xbd\xd0\xbe\xd0\xb5 \xd0\xbf\xd0\xbb\xd0\xb0\xd0\xbd\xd0\xbe\xd0\xb2\xd0\xbe\xd0\xb5 \xd1\x80\xd0\xb0\xd0\xb7\xd0\xb2\xd0\xb8\xd1\x82\xd0\xb8\xd0\xb5 \xd1\x8d\xd0\xba\xd0\xbe\xd0\xbd\xd0\xbe\xd0\xbc\xd0\xb8\xd0\xba\xd0\xb8. \xd0\xa0\xd0\xb5\xd0\xb3\xd0\xb8\xd0\xbe\xd0\xbd, \xd0\xbd\xd0\xb0\xd1\x81\xd0\xb5\xd0\xbb\xd0\xb5\xd0\xbd\xd0\xb8\xd0\xb5 \xd0\xb7\xd0\xb4\xd0\xb5\xd1\x81\xd1\x8c \xd0\xb8\xd1\x81\xd0\xba\xd0\xbb\xd1\x8e\xd1\x87\xd0\xb8\xd1\x82\xd0\xb5\xd0\xbb\xd1\x8c\xd0\xbd\xd0\xbe \xd0\xba\xd0\xb0\xd0\xba \xd0\xbe\xd0\xb1\xd1\x8a\xd0\xb5\xd0\xba\xd1\x82 \xd0\xb4\xd0\xbb\xd1\x8f \xd0\xb2\xd1\x8b\xd1\x81\xd0\xb0\xd1\x81\xd1\x8b\xd0\xb2\xd0\xb0\xd0\xbd\xd0\xb8\xd1\x8f \xd0\xbf\xd1\x80\xd0\xb8\xd0\xb1\xd1\x8b\xd0\xbb\xd0\xb8. \xd0\x92 \xd1\x8d\xd1\x82\xd0\xbe\xd0\xbc \xd0\xb3\xd0\xbb\xd0\xb0\xd0\xb2\xd0\xbd\xd0\xbe\xd0\xb5 \xd1\x83\xd1\x80\xd0\xbe\xd0\xb4\xd1\x81\xd1\x82\xd0\xb2\xd0\xbe \xd0\xba\xd0\xb0\xd0\xbf\xd0\xb8\xd1\x82\xd0\xb0\xd0\xbb\xd0\xb8\xd0\xb7\xd0\xbc\xd0\xb0 \xd0\xb3\xd0\xb4\xd0\xb5 \xd0\xb2\xd1\x81\xd1\x91 - \xd1\x82\xd0\xbe\xd0\xb2\xd0\xb0\xd1\x80, \xd0\xba\xd1\x83\xd0\xbf\xd0\xb8 - \xd0\xbf\xd1\x80\xd0\xbe\xd0\xb4\xd0\xb0\xd0\xb9, \xd0\xb2 \xd1\x81\xd1\x85\xd0\xb5\xd0\xbc\xd0\xb5 \xd0\xb4\xd0\xb5\xd0\xbd\xd1\x8c\xd0\xb3\xd0\xb8 - \xd1\x82\xd0\xbe\xd0\xb2\xd0\xb0\xd1\x80 - \xd0\xb4\xd0\xb5\xd0\xbd\xd1\x8c\xd0\xb3\xd0\xb8 \xd0\xb3\xd0\xb4\xd0\xb5 \xd0\xb3\xd0\xbb\xd0\xb0\xd0\xb2\xd0\xbd\xd0\xbe\xd0\xb5 - \xd0\xb4\xd0\xb5\xd0\xbd\xd1\x8c\xd0\xb3\xd0\xb8!'",2024-04-13T06:34:39,1,0,0
1712961188510860446,1e4a06de073a5bd392f546220e7ac2e4,26305692,b'\xd0\x9e\xd0\xb3\xd1\x80\xd0\xbe\xd0\xbc\xd0\xbd\xd0\xbe\xd0\xb5 \xd1\x81\xd0\xbf\xd0\xb0\xd1\x81\xd0\xb8\xd0\xb1\xd0\xbe \xd0\xb7\xd0\xb0 \xd0\xbd\xd0\xbe\xd0\xb2\xd0\xbe\xd1\x81\xd1\x82\xd0\xb8\xf0\x9f\x91\x8d',2024-04-13T01:33:08,0,1,1
1712058625772746188,1e4a06de073a5bd392f546220e7ac2e4,26305692,"b'\xd0\x9f\xd1\x80\xd0\xb8\xd0\xb2\xd0\xb5\xd1\x82, \xd0\xbe\xd1\x87\xd0\xb5\xd0\xbd\xd1\x8c \xd0\xbf\xd1\x80\xd0\xb8\xd1\x8f\xd1\x82\xd0\xbd\xd0\xbe \xd0\xbd\xd0\xbe\xd0\xb2\xd0\xbe\xd1\x81\xd1\x82\xd0\xb8 \xd0\xb8\xd0\xbd\xd1\x82\xd0\xb5\xd1\x80\xd0\xb5\xd1\x81\xd0\xbd\xd1\x8b\xd0\xb5 \xd0\xb5\xd1\x88\xd0\xb5 \xd1\x80\xd0\xb0\xd0\xb7 \xd0\xb1\xd0\xbe\xd0\xbb\xd1\x8c\xd1\x88\xd0\xbe\xd0\xb5 \xd1\x81\xd0\xbf\xd0\xb0\xd1\x81\xd0\xb8\xd0\xb1\xd0\xbe\xf0\x9f\x91\x8d\xf0\x9f\x8d\xb0\xe2\x98\x95\xef\xb8\x8f'",2024-04-02T14:50:25,0,1,0
1711354175096974685,1e4a06de073a5bd392f546220e7ac2e4,33125995,"b'\xd0\xa1\xd0\xbf\xd0\xb0\xd1\x81\xd0\xb8\xd0\xb1\xd0\xbe! \xd0\x9e\xd1\x87\xd0\xb5\xd0\xbd\xd1\x8c \xd0\xbf\xd1\x80\xd0\xb8\xd1\x8f\xd1\x82\xd0\xbd\xd0\xbe \xd0\xb2\xd0\xb8\xd0\xb4\xd0\xb5\xd1\x82\xd1\x8c, \xd0\xba\xd0\xb0\xd0\xba \xd1\x80\xd0\xb0\xd0\xb7\xd0\xb2\xd0\xb8\xd0\xb2\xd0\xb0\xd0\xb5\xd1\x82\xd1\x81\xd1\x8f \xd1\x81\xd1\x82\xd1\x80\xd0\xbe\xd0\xb8\xd1\x82\xd0\xb5\xd0\xbb\xd1\x8c\xd1\x81\xd1\x82\xd0\xb2\xd0\xbe \xd0\xb2  \xd0\xbc\xd0\xbe\xd0\xb5\xd0\xb9 \xd0\xbb\xd1\x8e\xd0\xb1\xd0\xb8\xd0\xbc\xd0\xbe\xd0\xb9 \xd0\x9e\xd1\x81\xd0\xb5\xd1\x82\xd0\xb8\xd0\xb8-\xd0\x90\xd0\xbb\xd0\xb0\xd0\xbd\xd0\xb8\xd0\xb8! \xd0\x96\xd0\xb5\xd0\xbb\xd0\xb0\xd1\x8e \xd0\xbf\xd1\x80\xd0\xbe\xd1\x86\xd0\xb2\xd0\xb5\xd1\x82\xd0\xb0\xd0\xbd\xd0\xb8\xd1\x8f \xd0\xb8 \xd0\xb2\xd1\x81\xd0\xb5\xd1\x85 \xd0\xb1\xd0\xbb\xd0\xb0\xd0\xb3 \xd0\xbc\xd0\xbe\xd0\xb5\xd0\xb9 \xd0\xa0\xd0\xbe\xd0\xb4\xd0\xb8\xd0\xbd\xd0\xb5 \xd0\xb8 \xd0\xb2\xd1\x81\xd0\xb5\xd0\xb9 \xd0\xa0\xd0\xbe\xd1\x81\xd1\x81\xd0\xb8\xd0\xb8!'",2024-03-25T11:09:35,1,1,0
1710690018126341702,1e4a06de073a5bd392f546220e7ac2e4,26821997,b'\xd0\x91\xd0\xb5\xd0\xbb\xd0\xb3\xd0\xbe\xd1\x80\xd0\xbe\xd0\xb4 \xd0\xbe\xd1\x87\xd0\xb5\xd0\xbd\xd1\x8c \xd0\xb2\xd1\x8b\xd0\xb4\xd0\xb5\xd0\xbb\xd0\xb8\xd0\xbb\xd1\x81\xd1\x8f \xd0\xbd\xd0\xb5\xd1\x81\xd0\xbc\xd0\xbe\xd1\x82\xd1\x80\xd1\x8f \xd0\xbd\xd0\xb0 \xd1\x82\xd0\xbe \xd1\x87\xd1\x82\xd0\xbe \xd0\xb2\xd1\x81\xd1\x83 \xd1\x83\xd0\xb3\xd1\x80\xd0\xbe\xd0\xb6\xd0\xb0\xd0\xbb\xd0\xb8! \xd0\xb7\xd0\xb0 \xd0\xb4\xd0\xb2\xd0\xb0 \xd0\xb4\xd0\xbd\xd1\x8f 70% \xd1\x8f\xd0\xb2\xd0\xba\xd0\xb8! \xd0\xb2\xd1\x8b \xd0\xbf\xd1\x80\xd0\xb8\xd0\xba\xd0\xb8\xd0\xbd\xd1\x8c\xd1\x82\xd0\xb5!\xf0\x9f\x98\x8e\xf0\x9f\x98\x8e',2024-03-17T18:40:18,0,0,0
1714736879833830412,282c76fc3dd79c77840ffde3adfc124b,27235543,b'\xd0\x92',2024-05-03T14:47:59,0,0,0
1713198569748809393,282c76fc3dd79c77840ffde3adfc124b,26705447,"b'\xd0\xa1\xd0\xbf\xd0\xb0\xd1\x81\xd0\xb8\xd0\xb1\xd0\xbe \xd0\xbd\xd0\xb0\xd1\x88\xd0\xb8\xd0\xbc \xd0\xbc\xd0\xb5\xd0\xb4 \xd1\x80\xd0\xb0\xd0\xb1\xd0\xbe\xd1\x82\xd0\xbd\xd0\xb8\xd0\xba\xd0\xb0\xd0\xbc, \xd0\xbd\xd0\xb5 \xd1\x80\xd0\xb0\xd0\xb7 \xd0\xbf\xd0\xbe\xd0\xbc\xd0\xbe\xd0\xb3\xd0\xb0\xd0\xbb\xd0\xb8 \xd0\xb8 \xd0\xbc\xd0\xbd\xd0\xb5 \xd0\xb8 \xd0\xbc\xd0\xbe\xd0\xb5\xd0\xb9 \xd1\x81\xd0\xb5\xd0\xbc\xd1\x8c\xd0\xb5! \xd0\x9e\xd0\xbd\xd0\xb8 \xd1\x80\xd0\xb5\xd0\xb0\xd0\xbb\xd1\x8c\xd0\xbd\xd0\xbe \xd0\xbc\xd0\xbe\xd0\xbb\xd0\xbe\xd0\xb4\xd1\x86\xd1\x8b \xd0\xb8 \xd0\xb2\xd1\x81\xd0\xb5\xd0\xb3\xd0\xb4\xd0\xb0 \xd0\xb1\xd1\x8b\xd1\x81\xd1\x82\xd1\x80\xd0\xbe \xd0\xbf\xd1\x80\xd0\xb8\xd1\x85\xd0\xbe\xd0\xb4\xd1\x8f\xd1\x82 \xd0\xbd\xd0\xb0 \xd0\xbf\xd0\xbe\xd0\xbc\xd0\xbe\xd1\x89\xd1\x8c'",2024-04-15T19:29:29,0,0,0
1713167995023729450,282c76fc3dd79c77840ffde3adfc124b,23582952,"b'03:00 \xd0\xa5\xd0\xbe\xd1\x80\xd0\xbe\xd1\x88\xd0\xb0\xd1\x8f \xd0\xbc\xd0\xb5\xd0\xb4\xd1\x81\xd0\xb5\xd1\x81\xd1\x82\xd1\x80\xd0\xb8\xd1\x87\xd0\xba\xd0\xb0, \xd1\x80\xd0\xb0\xd0\xb1\xd0\xbe\xd1\x87\xd0\xb0\xd1\x8f. \xd0\x98 \xd0\xba\xd0\xb0\xd0\xba \xd0\xb7\xd0\xb4\xd0\xbe\xd1\x80\xd0\xbe\xd0\xb2\xd0\xbe \xd1\x83 \xd0\xbd\xd0\xb5\xd1\x91 \xd0\xb2\xd1\x81\xd1\x91 \xd0\xbf\xd0\xbe\xd0\xbb\xd1\x83\xd1\x87\xd0\xb0\xd0\xb5\xd1\x82\xd1\x81\xd1\x8f \xf0\x9f\x98\x81'",2024-04-15T10:59:55,0,0,0
1712857146073916966,3951c1cd27a4f3aa40bfe2a80003e86c,28611099,b'\xd0\xbf\xd0\xbe\xd1\x87\xd0\xb5\xd0\xbc\xd1\x83 \xd1\x80\xd1\x83\xd1\x82\xd1\x83\xd0\xb1 \xd0\xb2\xd1\x8b\xd0\xb2\xd0\xb5\xd0\xbb \xd1\x8d\xd1\x82\xd0\xbe \xd0\xb2\xd0\xb8\xd0\xb4\xd0\xb5\xd0\xbe \xd0\xb2 24 \xd0\xb3\xd0\xbe\xd0\xb4\xd1\x83 \xd1\x8f \xd0\xb4\xd0\xb0\xd0\xb6\xd0\xb6 \xd0\xbd\xd0\xb5 \xd0\xb8\xd0\xb7 \xd0\xa0\xd1\x8f\xd0\xb7\xd0\xb0\xd0\xbd\xd0\xb8??????',2024-04-11T20:39:06,4,0,1
1711041537506279487,3951c1cd27a4f3aa40bfe2a80003e86c,28571040,b'\xd0\x9f\xd0\xbe\xd0\xb1\xd0\xbe\xd1\x80\xd0\xbe\xd1\x82\xd1\x8c \xd1\x81\xd0\xb2\xd0\xbe\xd0\xb8 \xd0\xbd\xd0\xb5\xd1\x80\xd0\xb2\xd1\x8b... \xd0\x97\xd0\xbe\xd0\xbb\xd0\xbe\xd1\x82\xd1\x8b\xd0\xb5 \xd1\x81\xd0\xbb\xd0\xbe\xd0\xb2\xd0\xb0!!! \xd0\xa4\xd0\xb8\xd0\xbb\xd0\xbe\xd1\x81\xd0\xbe\xd1\x84\xd0\xb8\xd1\x8f \xd0\xb6\xd0\xb8\xd0\xb7\xd0\xbd\xd0\xb8.',2024-03-21T20:18:57,3,0,0
1714768524467418904,8d80f061efcb159e2efd19b27887d57e,24048086,"b'\xd0\x9e\xd0\xbb\xd0\xb5\xd0\xb3, \xd1\x81\xd0\xbf\xd0\xb0\xd1\x81\xd0\xb8\xd0\xb1\xd0\xbe \xf0\x9f\x99\x8f'",2024-05-03T23:35:24,0,0,0
1714767849280828773,f8fef3965f0c3a6b628626845e115834,33996011,b'\xd0\x9d\xd0\xb5\xd1\x82 \xd1\x81\xd0\xbb\xd0\xbe\xd0\xb2..',2024-05-03T23:24:09,0,0,0
1714765808920559738,969839b4ac5660d7ef98e678d72f1a88,34368151,b'\xd0\xa1\xd0\xbb\xd0\xb0\xd0\xb2\xd0\xb0 \xd0\xa0\xd0\xbe\xd1\x81\xd1\x81\xd0\xb8\xd0\xb8 \xd0\x90\xd1\x85\xd0\xbc\xd0\xb0\xd1\x82 \xd0\xa1\xd0\xb8\xd0\xbb\xd0\xb0 \xd0\xb8 \xd0\xbd\xd0\xb8\xd0\xb7\xd0\xba\xd0\xb8\xd0\xb9 \xd0\xbf\xd0\xbe\xd0\xba\xd0\xbb\xd0\xbe\xd0\xbd \xd0\xbe\xd1\x82 \xd0\x9b\xd0\xb8\xd1\x82\xd0\xbe\xd0\xb2\xd1\x86\xd0\xb0 \xd0\xb8 \xd1\x8f \xd0\xb1\xd1\x83\xd0\xb4\xd1\x83 \xd0\xb4\xd0\xbe \xd0\xbc\xd0\xbe\xd0\xb5\xd0\xb9 \xd1\x81\xd0\xbc\xd0\xb5\xd1\x80\xd1\x82\xd0\xb8 \xd0\xb7\xd0\xb0 \xd0\xa0\xd0\xbe\xd1\x81\xd1\x81\xd0\xb8\xd1\x8e',2024-05-03T22:50:08,1,0,0
1714765754187389638,d07826d07832d3503c263827251bee19,34368151,b'\xd0\xa1\xd0\xbb\xd0\xb0\xd0\xb2\xd0\xb0 \xd0\xa0\xd0\xbe\xd1\x81\xd1\x81\xd0\xb8\xd0\xb8 \xd0\x90\xd1\x85\xd0\xbc\xd0\xb0\xd1\x82 \xd0\xa1\xd0\xb8\xd0\xbb\xd0\xb0 \xd0\xb8 \xd0\xbd\xd0\xb8\xd0\xb7\xd0\xba\xd0\xb8\xd0\xb9 \xd0\xbf\xd0\xbe\xd0\xba\xd0\xbb\xd0\xbe\xd0\xbd \xd0\xbe\xd1\x82 \xd0\x9b\xd0\xb8\xd1\x82\xd0\xbe\xd0\xb2\xd1\x86\xd0\xb0 \xd0\xb8 \xd1\x8f \xd0\xb1\xd1\x83\xd0\xb4\xd1\x83 \xd0\xb4\xd0\xbe \xd0\xbc\xd0\xbe\xd0\xb5\xd0\xb9 \xd1\x81\xd0\xbc\xd0\xb5\xd1\x80\xd1\x82\xd0\xb8 \xd0\xb7\xd0\xb0 \xd0\xa0\xd0\xbe\xd1\x81\xd1\x81\xd0\xb8\xd1\x8e',2024-05-03T22:49:14,0,0,0
1714765741353439439,dcd55956d0499713a1948fd8dc42a198,34368151,b'\xd0\xa1\xd0\xbb\xd0\xb0\xd0\xb2\xd0\xb0 \xd0\xa0\xd0\xbe\xd1\x81\xd1\x81\xd0\xb8\xd0\xb8 \xd0\x90\xd1\x85\xd0\xbc\xd0\xb0\xd1\x82 \xd0\xa1\xd0\xb8\xd0\xbb\xd0\xb0 \xd0\xb8 \xd0\xbd\xd0\xb8\xd0\xb7\xd0\xba\xd0\xb8\xd0\xb9 \xd0\xbf\xd0\xbe\xd0\xba\xd0\xbb\xd0\xbe\xd0\xbd \xd0\xbe\xd1\x82 \xd0\x9b\xd0\xb8\xd1\x82\xd0\xbe\xd0\xb2\xd1\x86\xd0\xb0 \xd0\xb8 \xd1\x8f \xd0\xb1\xd1\x83\xd0\xb4\xd1\x83 \xd0\xb4\xd0\xbe \xd0\xbc\xd0\xbe\xd0\xb5\xd0\xb9 \xd1\x81\xd0\xbc\xd0\xb5\xd1\x80\xd1\x82\xd0\xb8 \xd0\xb7\xd0\xb0 \xd0\xa0\xd0\xbe\xd1\x81\xd1\x81\xd0\xb8\xd1\x8e',2024-05-03T22:49:01,0,0,0
1714765227156861486,eb3102548d03dca3aeeb3149d90b3527,34368151,b'\xd0\xa1\xd0\xbb\xd0\xb0\xd0\xb2\xd0\xb0 \xd0\xa0\xd0\xbe\xd1\x81\xd1\x81\xd0\xb8\xd0\xb8 \xd0\x90\xd1\x85\xd0\xbc\xd0\xb0\xd1\x82 \xd0\xa1\xd0\xb8\xd0\xbb\xd0\xb0 \xd0\xb8 \xd0\xbd\xd0\xb8\xd0\xb7\xd0\xba\xd0\xb8\xd0\xb9 \xd0\xbf\xd0\xbe\xd0\xba\xd0\xbb\xd0\xbe\xd0\xbd \xd0\xbe\xd1\x82 \xd0\x9b\xd0\xb8\xd1\x82\xd0\xbe\xd0\xb2\xd1\x86\xd0\xb0 \xd0\xb8 \xd1\x8f \xd0\xb1\xd1\x83\xd0\xb4\xd1\x83 \xd0\xb4\xd0\xbe \xd0\xbc\xd0\xbe\xd0\xb5\xd0\xb9 \xd1\x81\xd0\xbc\xd0\xb5\xd1\x80\xd1\x82\xd0\xb8 \xd0\xb7\xd0\xb0 \xd0\xa0\xd0\xbe\xd1\x81\xd1\x81\xd0\xb8\xd1\x8e',2024-05-03T22:40:27,0,0,0
1714765176446876970,609b11955ca3a98d81accc140b449d0f,34368151,b'\xd0\xa1\xd0\xbb\xd0\xb0\xd0\xb2\xd0\xb0 \xd0\xa0\xd0\xbe\xd1\x81\xd1\x81\xd0\xb8\xd0\xb8 \xd0\x90\xd1\x85\xd0\xbc\xd0\xb0\xd1\x82 \xd0\xa1\xd0\xb8\xd0\xbb\xd0\xb0 \xd0\xb8 \xd0\xbd\xd0\xb8\xd0\xb7\xd0\xba\xd0\xb8\xd0\xb9 \xd0\xbf\xd0\xbe\xd0\xba\xd0\xbb\xd0\xbe\xd0\xbd \xd0\xbe\xd1\x82 \xd0\x9b\xd0\xb8\xd1\x82\xd0\xbe\xd0\xb2\xd1\x86\xd0\xb0 \xd0\xb8 \xd1\x8f \xd0\xb1\xd1\x83\xd0\xb4\xd1\x83 \xd0\xb4\xd0\xbe \xd0\xbc\xd0\xbe\xd0\xb5\xd0\xb9 \xd1\x81\xd0\xbc\xd0\xb5\xd1\x80\xd1\x82\xd0\xb8 \xd0\xb7\xd0\xb0 \xd0\xa0\xd0\xbe\xd1\x81\xd1\x81\xd0\xb8\xd1\x8e',2024-05-03T22:39:36,0,0,0
1714765164261957835,649d07003ae62cc254f218ee8472346b,34368151,b'\xd0\xa1\xd0\xbb\xd0\xb0\xd0\xb2\xd0\xb0 \xd0\xa0\xd0\xbe\xd1\x81\xd1\x81\xd0\xb8\xd0\xb8 \xd0\x90\xd1\x85\xd0\xbc\xd0\xb0\xd1\x82 \xd0\xa1\xd0\xb8\xd0\xbb\xd0\xb0 \xd0\xb8 \xd0\xbd\xd0\xb8\xd0\xb7\xd0\xba\xd0\xb8\xd0\xb9 \xd0\xbf\xd0\xbe\xd0\xba\xd0\xbb\xd0\xbe\xd0\xbd \xd0\xbe\xd1\x82 \xd0\x9b\xd0\xb8\xd1\x82\xd0\xbe\xd0\xb2\xd1\x86\xd0\xb0 \xd0\xb8 \xd1\x8f \xd0\xb1\xd1\x83\xd0\xb4\xd1\x83 \xd0\xb4\xd0\xbe \xd0\xbc\xd0\xbe\xd0\xb5\xd0\xb9 \xd1\x81\xd0\xbc\xd0\xb5\xd1\x80\xd1\x82\xd0\xb8 \xd0\xb7\xd0\xb0 \xd0\xa0\xd0\xbe\xd1\x81\xd1\x81\xd0\xb8\xd1\x8e',2024-05-03T22:39:24,0,0,0
1714765198776130734,dcefa23133a1bf9d82046cb7c69482d9,34368151,b'\xd0\xa1\xd0\xbb\xd0\xb0\xd0\xb2\xd0\xb0 \xd0\xa0\xd0\xbe\xd1\x81\xd1\x81\xd0\xb8\xd0\xb8 \xd0\x90\xd1\x85\xd0\xbc\xd0\xb0\xd1\x82 \xd0\xa1\xd0\xb8\xd0\xbb\xd0\xb0 \xd0\xb8 \xd0\xbd\xd0\xb8\xd0\xb7\xd0\xba\xd0\xb8\xd0\xb9 \xd0\xbf\xd0\xbe\xd0\xba\xd0\xbb\xd0\xbe\xd0\xbd \xd0\xbe\xd1\x82 \xd0\x9b\xd0\xb8\xd1\x82\xd0\xbe\xd0\xb2\xd1\x86\xd0\xb0 \xd0\xb8 \xd1\x8f \xd0\xb1\xd1\x83\xd0\xb4\xd1\x83 \xd0\xb4\xd0\xbe \xd0\xbc\xd0\xbe\xd0\xb5\xd0\xb9 \xd1\x81\xd0\xbc\xd0\xb5\xd1\x80\xd1\x82\xd0\xb8 \xd0\xb7\xd0\xb0 \xd0\xa0\xd0\xbe\xd1\x81\xd1\x81\xd0\xb8\xd1\x8e',2024-05-03T22:39:58,1,0,0
1714765084549359567,20a1be2c3fb2ad5fafda599c814ac4f2,34368151,b'\xd0\xa1\xd0\xbb\xd0\xb0\xd0\xb2\xd0\xb0 \xd0\xa0\xd0\xbe\xd1\x81\xd1\x81\xd0\xb8\xd0\xb8 \xd0\x90\xd1\x85\xd0\xbc\xd0\xb0\xd1\x82 \xd0\xa1\xd0\xb8\xd0\xbb\xd0\xb0 \xd0\xb8 \xd0\xbd\xd0\xb8\xd0\xb7\xd0\xba\xd0\xb8\xd0\xb9 \xd0\xbf\xd0\xbe\xd0\xba\xd0\xbb\xd0\xbe\xd0\xbd \xd0\xbe\xd1\x82 \xd0\x9b\xd0\xb8\xd1\x82\xd0\xbe\xd0\xb2\xd1\x86\xd0\xb0 \xd0\xb8 \xd1\x8f \xd0\xb1\xd1\x83\xd0\xb4\xd1\x83 \xd0\xb4\xd0\xbe \xd0\xbc\xd0\xbe\xd0\xb5\xd0\xb9 \xd1\x81\xd0\xbc\xd0\xb5\xd1\x80\xd1\x82\xd0\xb8 \xd0\xb7\xd0\xb0 \xd0\xa0\xd0\xbe\xd1\x81\xd1\x81\xd0\xb8\xd1\x8e',2024-05-03T22:38:04,0,0,0
1714765051923338007,7549ac379e5e227ce0c1c27fbfa77a36,34368151,b'\xd0\xa1\xd0\xbb\xd0\xb0\xd0\xb2\xd0\xb0 \xd0\xa0\xd0\xbe\xd1\x81\xd1\x81\xd0\xb8\xd0\xb8 \xd0\x90\xd1\x85\xd0\xbc\xd0\xb0\xd1\x82 \xd0\xa1\xd0\xb8\xd0\xbb\xd0\xb0 \xd0\xb8 \xd0\xbd\xd0\xb8\xd0\xb7\xd0\xba\xd0\xb8\xd0\xb9 \xd0\xbf\xd0\xbe\xd0\xba\xd0\xbb\xd0\xbe\xd0\xbd \xd0\xbe\xd1\x82 \xd0\x9b\xd0\xb8\xd1\x82\xd0\xbe\xd0\xb2\xd1\x86\xd0\xb0 \xd0\xb8 \xd1\x8f \xd0\xb1\xd1\x83\xd0\xb4\xd1\x83 \xd0\xb4\xd0\xbe \xd0\xbc\xd0\xbe\xd0\xb5\xd0\xb9 \xd1\x81\xd0\xbc\xd0\xb5\xd1\x80\xd1\x82\xd0\xb8 \xd0\xb7\xd0\xb0 \xd0\xa0\xd0\xbe\xd1\x81\xd1\x81\xd0\xb8\xd1\x8e',2024-05-03T22:37:31,0,0,0
1714767921822716109,f7792a2ef33b2e86688f1bd5ea070987,24018199,"b'\xd0\xa1\xd0\xbb\xd0\xbe\xd0\xb2\xd0\xb0, \xd0\xba\xd0\xbe\xd0\xbd\xd0\xb5\xd1\x87\xd0\xbd\xd0\xbe, \xd1\x85\xd0\xbe\xd1\x80\xd0\xbe\xd1\x88\xd0\xb8\xd0\xb5, \xd0\xbd\xd0\xbe... \xd0\x9d\xd0\xb0\xd0\xb4\xd0\xbe \xd0\xbb\xd0\xb8 \xd0\xb1\xd1\x8b\xd0\xbb\xd0\xbe \xd0\xbf\xd1\x83\xd1\x81\xd0\xba\xd0\xb0\xd1\x82\xd1\x8c \xd0\xb5\xd0\xb3\xd0\xbe \xd0\xb2 \xd0\xa0\xd0\xbe\xd1\x81\xd1\x81\xd0\xb8\xd1\x8e? \xd0\xa1\xd1\x82\xd0\xb0\xd0\xbb\xd0\xb8\xd0\xbd \xd0\xb2 1943 \xd0\xbf\xd1\x83\xd1\x81\xd0\xba\xd0\xb0\xd0\xbb \xd0\xba \xd0\xbd\xd0\xb0\xd0\xbc \xd1\x82\xd1\x83\xd1\x80\xd0\xb8\xd1\x81\xd1\x82\xd0\xbe\xd0\xb2 \xd0\xb8\xd0\xb7 \xd0\x93\xd0\xb5\xd1\x80\xd0\xbc\xd0\xb0\xd0\xbd\xd0\xb8\xd0\xb8? \xd0\x90 \xd0\xbc\xd1\x8b \xd0\xb2\xd1\x81\xd0\xb5 \xd0\xbf\xd0\xbe\xd0\xbd\xd1\x80\xd0\xb0\xd0\xb2\xd0\xb8\xd1\x82\xd1\x8c\xd1\x81\xd1\x8f \xd1\x85\xd0\xbe\xd1\x82\xd0\xb8\xd0\xbc.'",2024-05-03T23:25:21,0,0,0
1714764149496492382,4f84fa78a609dcd586025935857f55f9,3446112,b'\xd0\xa3\xd1\x80\xd0\xb0! \xd0\x9d\xd0\xb0\xd0\xba\xd0\xbe\xd0\xbd\xd0\xb5\xd1\x86-\xd1\x82\xd0\xbe \xd0\xbd\xd0\xb0\xd1\x87\xd0\xb0\xd0\xbb\xd0\xb8 \xd0\xba\xd0\xbe\xd1\x88\xd0\xbc\xd0\xb0\xd0\xb3\xd0\xb8\xd1\x82\xd1\x8c \xd0\xbd\xd0\xb0\xd1\x80\xd1\x83\xd1\x88\xd0\xb8\xd1\x82\xd0\xb5\xd0\xbb\xd0\xb5\xd0\xb9! \xf0\x9f\x8e\x89',2024-05-03T22:22:29,0,0,0
1714764101844083677,427d0beb1f2a68f71e8e837e914898c3,34368151,b'\xd0\xa1\xd0\xbb\xd0\xb0\xd0\xb2\xd0\xb0 \xd0\xa0\xd0\xbe\xd1\x81\xd1\x81\xd0\xb8\xd0\xb8 \xd0\x90\xd1\x85\xd0\xbc\xd0\xb0\xd1\x82 \xd0\xa1\xd0\xb8\xd0\xbb\xd0\xb0 \xd0\xb8 \xd0\xbd\xd0\xb8\xd0\xb7\xd0\xba\xd0\xb8\xd0\xb9 \xd0\xbf\xd0\xbe\xd0\xba\xd0\xbb\xd0\xbe\xd0\xbd \xd0\xbe\xd1\x82 \xd0\x9b\xd0\xb8\xd1\x82\xd0\xbe\xd0\xb2\xd1\x86\xd0\xb0 \xd0\xb8 \xd1\x8f \xd0\xb1\xd1\x83\xd0\xb4\xd1\x83 \xd0\xb4\xd0\xbe \xd0\xbc\xd0\xbe\xd0\xb5\xd0\xb9 \xd1\x81\xd0\xbc\xd0\xb5\xd1\x80\xd1\x82\xd0\xb8 \xd0\xb7\xd0\xb0 \xd0\xa0\xd0\xbe\xd1\x81\xd1\x81\xd0\xb8\xd1\x8e',2024-05-03T22:21:41,0,0,0
1714764070715254986,cfb5e8ada97cca70416488c7286f480e,34368151,b'\xd0\xa1\xd0\xbb\xd0\xb0\xd0\xb2\xd0\xb0 \xd0\xa0\xd0\xbe\xd1\x81\xd1\x81\xd0\xb8\xd0\xb8 \xd0\x90\xd1\x85\xd0\xbc\xd0\xb0\xd1\x82 \xd0\xa1\xd0\xb8\xd0\xbb\xd0\xb0 \xd0\xb8 \xd0\xbd\xd0\xb8\xd0\xb7\xd0\xba\xd0\xb8\xd0\xb9 \xd0\xbf\xd0\xbe\xd0\xba\xd0\xbb\xd0\xbe\xd0\xbd \xd0\xbe\xd1\x82 \xd0\x9b\xd0\xb8\xd1\x82\xd0\xbe\xd0\xb2\xd1\x86\xd0\xb0 \xd0\xb8 \xd1\x8f \xd0\xb1\xd1\x83\xd0\xb4\xd1\x83 \xd0\xb4\xd0\xbe \xd0\xbc\xd0\xbe\xd0\xb5\xd0\xb9 \xd1\x81\xd0\xbc\xd0\xb5\xd1\x80\xd1\x82\xd0\xb8 \xd0\xb7\xd0\xb0 \xd0\xa0\xd0\xbe\xd1\x81\xd1\x81\xd0\xb8\xd1\x8e',2024-05-03T22:21:10,0,0,0
