url,title,description,hits,duration,likes,dislikes,comments_count,author_id,created_ts,publication_ts
0006580cbbb03928c633bca451ab035f,–¢–í –ê–ª–∞–±—É–≥–∞ –æ—Ç 21 –º–∞—è 2013 –≥,–ù–æ–≤–æ—Å—Ç–∏ –ö–∞–∑–∞–Ω—Å–∫–æ–≥–æ —Ä–∞–π–æ–Ω–∞,151161,1944,52,23,4,32283,2013-05-21 14:31:59,1970-01-01 00:00:00
0b5f72b72f58bb9535f755c6794fae71,–ò–Ω–≤–µ—Å—Ç–∏—Ü–∏–æ–Ω–Ω–∞—è –ø—Ä–∏–≤–ª–µ–∫–∞—Ç–µ–ª—å–Ω–æ—Å—Ç—å. –≥. –ù–µ—Ñ—Ç–µ–∫–∞–º—Å–∫,,149364,354,83,9,1,25888751,2022-04-13 07:38:20,1970-01-01 00:00:00
127043fd2c5108b4536d708e1463419e,–ù–æ–≤–æ—Å—Ç–∏ –†–µ–≥–∏–æ–Ω–∞ –¥–µ–Ω—å 23.03.2021.mp4,,147555,1032,42,11,5,25016118,2022-04-05 09:05:29,1970-01-01 00:00:00
172a037a17a3a9a33a3513dc6e1696d2,–ù–æ–≤–æ—Å—Ç–∏ –†–µ–≥–∏–æ–Ω–∞ –¥–µ–Ω—å 25.05.2021.mp4,,145165,1020,41,9,6,25016118,2022-04-06 10:06:44,1970-01-01 00:00:00
1ccaebb582723bccc71a979eb2558bd1,2013 –ü—Ä–æ–≥—Ä–∞–º–º–∞ –í—ã–∑–æ–≤ 02  (10).mp4,–í—ã–∑–æ–≤ 02,147077,666,49,11,1,25369280,2022-04-01 14:00:13,1970-01-01 00:00:00
1dc9f32dc3afb84ca41df2af0cf08121,–ü—Ä–µ–¥–æ—Ç–≤—Ä–∞—â–µ–Ω–∞ –ø–æ–ø—ã—Ç–∫–∞ –ö–∏–µ–≤–∞ –Ω–∞–Ω–µ—Å—Ç–∏ —Ä–∞–∫–µ—Ç–Ω—ã–π —É–¥–∞—Ä –ø–æ –ö–∞—Ö–æ–≤—Å–∫–æ–π –ì–≠–°,"–í–æ–æ—Ä—É–∂–µ–Ω–Ω—ã–µ —Å–∏–ª—ã –†–æ—Å—Å–∏–∏ –ø—Ä–µ–¥–æ—Ç–≤—Ä–∞—Ç–∏–ª–∏ –ø–æ–ø—ã—Ç–∫—É –∫–∏–µ–≤—Å–∫–æ–≥–æ –Ω–∞—Ü–∏–æ–Ω–∞–ª–∏—Å—Ç–∏—á–µ—Å–∫–æ–≥–æ —Ä–µ–∂–∏–º–∞ —Ä–∞–∫–µ—Ç–Ω—ã–º —É–¥–∞—Ä–æ–º –Ω–∞–Ω–µ—Å—Ç–∏ –ø–æ—Ä–∞–∂–µ–Ω–∏–µ –ö–∞—Ö–æ–≤—Å–∫–æ–π –ì–≠–°, - –æ–± —ç—Ç–æ–º —Å–æ–æ–±—â–∏–ª–∏ –≤ –º–∏–Ω–∏—Å—Ç–µ—Ä—Å—Ç–≤–µ –æ–±–æ—Ä–æ–Ω—ã. –†–∞–∫–µ—Ç–Ω—ã–º–∏ –≤–æ–π—Å–∫–∞–º–∏ –∏ –∞—Ä—Ç–∏–ª–ª–µ—Ä–∏–µ–π –†–§ –Ω–∞–Ω–µ—Å–µ–Ω–æ –ø–æ—Ä–∞–∂–µ–Ω–∏–µ 217 –≤–æ–µ–Ω–Ω—ã–º –æ–±—ä–µ–∫—Ç–∞–º –£–∫—Ä–∞–∏–Ω—ã. –†–æ—Å—Å–∏–π—Å–∫–∏–µ —Å—Ä–µ–¥—Å—Ç–≤–∞ –ø—Ä–æ—Ç–∏–≤–æ–≤–æ–∑–¥—É—à–Ω–æ–π –æ–±–æ—Ä–æ–Ω—ã —Å–±–∏–ª–∏ —É–∫—Ä–∞–∏–Ω—Å–∫–∏–π –±–µ—Å–ø–∏–ª–æ—Ç–Ω—ã–π –ª–µ—Ç–∞—Ç–µ–ª—å–Ω—ã–π –∞–ø–ø–∞—Ä–∞—Ç –¢—É-143 ¬´–†–µ–π—Å¬ª. –í—Å–µ–≥–æ –∂–µ —Å –Ω–∞—á–∞–ª–∞ —Å–ø–µ—Ü–æ–ø–µ—Ä–∞—Ü–∏–∏ —É–Ω–∏—á—Ç–æ–∂–µ–Ω–æ 457 –±–µ—Å–ø–∏–ª–æ—Ç–Ω—ã—Ö –ª–µ—Ç–∞—Ç–µ–ª—å–Ω—ã—Ö –∞–ø–ø–∞—Ä–∞—Ç–æ–≤ –∏ 2 224 –µ–¥–∏–Ω–∏—Ü—ã –±—Ä–æ–Ω–µ—Ç–µ—Ö–Ω–∏–∫–∏ –í–°–£.",166616,175,163,6,5,9873455,2022-04-16 09:50:32,1970-01-01 00:00:00
1e4a06de073a5bd392f546220e7ac2e4,–ù–æ–≤–æ—Å—Ç–∏ –†–µ–≥–∏–æ–Ω–∞ –¥–µ–Ω—å 02.06.2021.mp4,,147096,971,44,11,8,25016118,2022-04-06 10:10:33,1970-01-01 00:00:00
282c76fc3dd79c77840ffde3adfc124b,–ù–æ–≤–æ—Å—Ç–∏ –†–µ–≥–∏–æ–Ω–∞ –¥–µ–Ω—å 28.04.2021.mp4,,146537,1039,37,10,3,25016118,2022-04-05 12:17:55,1970-01-01 00:00:00
3951c1cd27a4f3aa40bfe2a80003e86c,–ù–æ–≤–æ—Å—Ç–∏ –†–µ–≥–∏–æ–Ω–∞ –¥–µ–Ω—å 24.03.2021.mp4,,146349,1019,49,15,3,25016118,2022-04-05 09:05:45,1970-01-01 00:00:00
39fea5863da2560f8cc4f10eeb52e904,–ù–æ–≤–æ—Å—Ç–∏ –†–µ–≥–∏–æ–Ω–∞ –¥–µ–Ω—å 19.01.2021.mp4,,147361,1119,42,12,0,25016118,2022-04-05 07:00:55,1970-01-01 00:00:00
3e7b0adecea89e0c423796add68650c0,–ù–æ–≤–æ—Å—Ç–∏ –†–µ–≥–∏–æ–Ω–∞ –¥–µ–Ω—å 01.12.2020.mp4,,564,1031,0,0,0,25016118,2022-04-04 10:06:07,1970-01-01 00:00:00
42c324266a0c1e2790510d027002096c,–ù–æ–≤–æ—Å—Ç–∏ –†–µ–≥–∏–æ–Ω–∞ –¥–µ–Ω—å 24.05.2021.mp4,,2716,1056,0,0,0,25016118,2022-04-06 10:06:05,1970-01-01 00:00:00
4ac06a0611d0e0d09c0a2ae80a2109e1,–ù–æ–≤–æ—Å—Ç–∏ –†–µ–≥–∏–æ–Ω–∞ –≤–µ—á–µ—Ä 09.07.2020.mp4,,270,1430,0,0,0,25016118,2022-04-01 10:26:05,1970-01-01 00:00:00
50bc51aebd5c20ee9af0e3e04325ac2b,–ù–æ–≤–æ—Å—Ç–∏ –†–µ–≥–∏–æ–Ω–∞ –¥–µ–Ω—å 03.03.2021.mp4,,2703,1130,0,0,0,25016118,2022-04-05 08:25:31,1970-01-01 00:00:00
537d964a7ae5c6f55e01e219b4aa9de5,–ú–í–î 18 –æ—Ç 27.07.2018–≥.,,30,497,0,0,0,25510053,2022-04-08 13:27:26,1970-01-01 00:00:00
575179ae6d64e58b40c0bd94a6b6d5f0,–ë–æ–ª—å—à–∏–µ –Ω–æ–≤–æ—Å—Ç–∏ 25.12.2020.mp4,,102,3458,0,0,0,25016118,2022-04-04 11:17:40,1970-01-01 00:00:00
5ba4352c1118ccb2cf7138ae3b24f87b,–ú–í–î 18 –æ—Ç 06.07.2018–≥.,,28,640,0,0,0,25510053,2022-04-08 13:27:26,1970-01-01 00:00:00
5d78c0b7a0832a3e0e2bf48c02f28e3a,–ù–æ–≤–æ—Å—Ç–∏ –†–µ–≥–∏–æ–Ω–∞ –¥–µ–Ω—å 23.03.2020.mp4,,166,1078,0,0,0,25016118,2022-03-31 09:57:15,1970-01-01 00:00:00
5df6b8f0e79098794f6150a1708c1b49,–ù–æ–≤–æ—Å—Ç–∏ –†–µ–≥–∏–æ–Ω–∞ –¥–µ–Ω—å 02.12.2020.mp4,,61,1007,0,0,0,25016118,2022-04-04 10:06:28,1970-01-01 00:00:00
5f4a230648ffe57e8b176be854881d16,–ñ–∏—Ç–µ–ª—è–º –†—É–∑—Å–∫–æ–≥–æ –æ–∫—Ä—É–≥–∞ —Ä–∞–∑–¥–∞–ª–∏ —Å—Ä–µ–¥—Å—Ç–≤–∞ –∏–Ω–¥–∏–≤–∏–¥—É–∞–ª—å–Ω–æ–π –∑–∞—â–∏—Ç—ã,,35,61,0,0,0,25519706,2022-04-15 12:04:12,1970-01-01 00:00:00
8744b4f25c6e10e7821ca858680b9e4f,–ù–æ–≤–æ—Å—Ç–∏ –†–µ–≥–∏–æ–Ω–∞ –≤–µ—á–µ—Ä 27.11.2020.mp4,,929,1592,0,0,0,25016118,2022-04-04 10:05:20,1970-01-01 00:00:00
8965159f52eeda934e3bfba342f77449,–ù–æ–≤–æ—Å—Ç–∏ –†–µ–≥–∏–æ–Ω–∞ –¥–µ–Ω—å 14.07.2021.mp4,,21,933,0,0,0,25016118,2022-04-08 15:14:36,1970-01-01 00:00:00
8c93b5894f4f6946d8767f6e4b6d0bba,2021 04 20.mp4,,14,5304,0,0,0,25387857,2022-04-07 14:05:59,1970-01-01 00:00:00
9559df252c891386ebb22ef5a5c5df98,"2021,04,07 –æ–±—Å—É–∂–¥–µ–Ω–∏–µ.mp4",,11,4224,0,0,0,25387857,2022-04-07 14:05:59,1970-01-01 00:00:00
9d53eada0db1a19357b5a51488071bf8,–û–±—Ä–∞–±–æ—Ç–∫–∞ –ø–æ–¥—ä–µ–∑–¥–æ–≤ –≤ –†—É–∑—Å–∫–æ–º –æ–∫—Ä—É–≥–µ,,25,58,0,0,0,25519706,2022-04-15 12:43:35,1970-01-01 00:00:00
af4f4ea2787c83f64796b3a953755554,–û–±—Ä—É—à–µ–Ω–∏–µ - –§–û–¶ –°–¶_4.wmv,–û–±—Ä—É—à–µ–Ω–∏–µ - –§–û–¶ –°–¶_4,38,10,0,0,0,24135403,2022-04-21 16:30:47,1970-01-01 00:00:00
b2859f515b90ecf22c5a8854469cf1f1,—Å –¥–Ω–µ–º —Å–æ—Ü–∏–∞–ª—å–Ω–æ–≥–æ —Ä–∞–±–æ—Ç–Ω–∏–∫–∞ 2021.mp4,,22,156,0,0,0,25589190,2022-04-06 15:12:14,1970-01-01 00:00:00
b4f52b86324a28eb3a31d147054b6eb2,–¢—Ä–µ–±–æ–≤–∞–Ω–∏—è –¥–ª—è –∏–Ω–æ—Å—Ç—Ä–∞–Ω—Ü–µ–≤  04.04.2022,,18,155,0,0,0,25063442,2022-04-05 07:43:32,1970-01-01 00:00:00
b9e3d5c3db1913fd134a15127c250896,–ù–æ–≤–æ—Å—Ç–∏ –†–µ–≥–∏–æ–Ω–∞ –¥–µ–Ω—å 16.09.2020.mp4,,16,926,0,0,0,25016118,2022-04-04 09:16:39,1970-01-01 00:00:00
ba632beb8e03c959d3d83c68f72bcc3e,2017_09_14_–ì–æ—Å–∞–≤—Ç–æ–∏–Ω—Å–ø–µ–∫—Ü–∏—è –°–µ–≤–∞—Å—Ç–æ–ø–æ–ª—è –ø—Ä–æ–≤–µ–ª–∞ –∞–∫—Ü–∏—é ¬´–®–∞–≥–∞—é—â–∏–π –∞–≤—Ç–æ–±—É—Å¬ª,"–ì–æ—Å–∞–≤—Ç–æ–∏–Ω—Å–ø–µ–∫—Ü–∏—è –°–µ–≤–∞—Å—Ç–æ–ø–æ–ª—è –ø—Ä–æ–≤–µ–ª–∞ –∞–∫—Ü–∏—é ¬´–®–∞–≥–∞—é—â–∏–π –∞–≤—Ç–æ–±—É—Å¬ª
(–ù–æ–≤–æ—Å—Ç—å –æ—Ç 14 –°–µ–Ω—Ç—è–±—Ä—è 2017)
–ú–µ—Ä–æ–ø—Ä–∏—è—Ç–∏–µ –ø—Ä–æ—à–ª–æ –≤ —Ä–∞–º–∫–∞—Ö –ø—Ä–æ—Ñ–∏–ª–∞–∫—Ç–∏—á–µ—Å–∫–æ–≥–æ –º–µ—Ä–æ–ø—Ä–∏—è—Ç–∏—è ¬´–í–Ω–∏–º–∞–Ω–∏–µ ‚Äì –¥–µ—Ç–∏!¬ª. –í –Ω–µ–º —Ç–∞–∫–∂–µ –ø—Ä–∏–Ω—è–ª —É—á–∞—Å—Ç–∏–µ –ø—Ä–µ–¥—Å—Ç–∞–≤–∏—Ç–µ–ª—å –∞–ø–ø–∞—Ä–∞—Ç–∞ –£–ø–æ–ª–Ω–æ–º–æ—á–µ–Ω–Ω–æ–≥–æ –ø–æ –ø—Ä–∞–≤–∞–º —Ä–µ–±–µ–Ω–∫–∞ –≤ –≥–æ—Ä–æ–¥–µ –°–µ–≤–∞—Å—Ç–æ–ø–æ–ª–µ.

–ê–∫—Ü–∏—è –ø—Ä–æ—à–ª–∞ –≤ –æ–¥–Ω–æ–π –∏–∑ –≥–æ—Ä–æ–¥—Å–∫–∏—Ö —à–∫–æ–ª. –ï–µ –∑–∞–¥–∞—á–µ–π —Å—Ç–∞–ª–æ —Ä–∞–∑–≤–∏—Ç–∏–µ —É –¥–µ—Ç–µ–π –Ω–∞–≤—ã–∫–æ–≤ –±–µ–∑–æ–ø–∞—Å–Ω–æ–≥–æ –ø–æ–≤–µ–¥–µ–Ω–∏—è –Ω–∞ –¥–æ—Ä–æ–≥–µ, —É–º–µ–Ω–∏–µ –æ—Ä–∏–µ–Ω—Ç–∏—Ä–æ–≤–∞—Ç—å—Å—è –≤ —Å–ª–æ–∂–Ω–æ–π –¥–æ—Ä–æ–∂–Ω–æ–π –æ–±—Å—Ç–∞–Ω–æ–≤–∫–µ, –∞ —Ç–∞–∫–∂–µ –∏–∑—É—á–µ–Ω–∏–µ –¥–æ—Ä–æ–∂–Ω—ã—Ö –∑–Ω–∞–∫–æ–≤ –∏ —Å–∏–≥–Ω–∞–ª–æ–≤ —Å–≤–µ—Ç–æ—Ñ–æ—Ä–∞ –Ω–∞ –ø—Ä–∞–∫—Ç–∏–∫–µ. –ü–µ—Ä–µ–¥ –Ω–∞—á–∞–ª–æ–º –º–µ—Ä–æ–ø—Ä–∏—è—Ç–∏—è –∏–Ω—Å–ø–µ–∫—Ç–æ—Ä –≥—Ä—É–ø–ø—ã –ø—Ä–æ–ø–∞–≥–∞–Ω–¥—ã –±–µ–∑–æ–ø–∞—Å–Ω–æ—Å—Ç–∏ –¥–æ—Ä–æ–∂–Ω–æ–≥–æ –¥–≤–∏–∂–µ–Ω–∏—è –†–µ–Ω–∞—Ç–∞ –ú–∞–π–±–æ—Ä–æ–¥–∞ –ø—Ä–æ–≤–µ–ª–∞ —Å —É—á–∞—Å—Ç–Ω–∏–∫–∞–º–∏ –∞–∫—Ü–∏–∏ –±–µ—Å–µ–¥—É-–∏–Ω—Å—Ç—Ä—É–∫—Ç–∞–∂, –≤ —Ö–æ–¥–µ –∫–æ—Ç–æ—Ä–æ–π –Ω–∞–ø–æ–º–Ω–∏–ª–∞ —à–∫–æ–ª—å–Ω–∏–∫–∞–º –æ—Å–Ω–æ–≤–Ω—ã–µ –ø—Ä–∞–≤–∏–ª–∞ –±–µ–∑–æ–ø–∞—Å–Ω–æ–≥–æ –ø–µ—Ä–µ—Ö–æ–¥–∞ –ø—Ä–æ–µ–∑–∂–µ–π —á–∞—Å—Ç–∏ –¥–æ—Ä–æ–≥–∏, –∞–∫—Ü–µ–Ω—Ç–∏—Ä–æ–≤–∞–ª–∞ –≤–Ω–∏–º–∞–Ω–∏–µ –Ω–∞ –æ–ø–∞—Å–Ω–æ—Å—Ç–∏ –∏–≥—Ä –≤–±–ª–∏–∑–∏ –ø—Ä–æ–µ–∑–∂–µ–π —á–∞—Å—Ç–∏ –∏ —Ä–∞—Å—Å–∫–∞–∑–∞–ª–∞ –æ –ø—Ä–µ–¥—Å—Ç–æ—è—â–µ–º –º–∞—Ä—à—Ä—É—Ç–µ ¬´–®–∞–≥–∞—é—â–µ–≥–æ –∞–≤—Ç–æ–±—É—Å–∞¬ª.

–ü–æ—Å–ª–µ –±–µ—Å–µ–¥—ã —à–∫–æ–ª—å–Ω–∏–∫–∏ –Ω–∞–¥–µ–ª–∏ —Å–≤–µ—Ç–æ–≤–æ–∑–≤—Ä–∞—â–∞—é—â–∏–µ –∂–∏–ª–µ—Ç—ã, –≤–∑—è–ª–∏ –≤ —Ä—É–∫–∏ –≤–æ–∑–¥—É—à–Ω—ã–µ —à–∞—Ä—ã –∏ —Ñ–ª–∞–∂–∫–∏ —Å —Å–∏–º–≤–æ–ª–∏–∫–æ–π –º–µ—Ä–æ–ø—Ä–∏—è—Ç–∏—è –∏ –≤ —Å–æ–ø—Ä–æ–≤–æ–∂–¥–µ–Ω–∏–∏ –∞–≤—Ç–æ–∏–Ω—Å–ø–µ–∫—Ç–æ—Ä–æ–≤ –∏ –ø–µ–¥–∞–≥–æ–≥–æ–≤ –Ω–∞–ø—Ä–∞–≤–∏–ª–∏—Å—å –ø–æ –∑–∞–¥–∞–Ω–Ω–æ–º—É –º–∞—Ä—à—Ä—É—Ç—É. –ü—Ä–∏–±–ª–∏–∂–∞—è—Å—å –∫ –Ω–µ—Ä–µ–≥—É–ª–∏—Ä—É–µ–º–æ–º—É –ø–µ—à–µ—Ö–æ–¥–Ω–æ–º—É –ø–µ—Ä–µ—Ö–æ–¥—É, –∞–≤—Ç–æ–∏–Ω—Å–ø–µ–∫—Ç–æ—Ä —Ä–∞—Å—Å–∫–∞–∑–∞–ª–∞ —É—á–∞—Å—Ç–Ω–∏–∫–∞–º –∞–∫—Ü–∏–∏ –æ–± –æ—Å–æ–±–µ–Ω–Ω–æ—Å—Ç—è—Ö –¥–∞–Ω–Ω–æ–≥–æ –ø–µ—Ä–µ—Ö–æ–¥–∞ –∏ –æ–± –æ–ø–∞—Å–Ω–æ—Å—Ç—è—Ö, –∫–æ—Ç–æ—Ä—ã–µ –º–æ–≥—É—Ç –∂–¥–∞—Ç—å —é–Ω–æ–≥–æ –ø–µ—à–µ—Ö–æ–¥–∞ –Ω–∞ –ø—Ä–æ–µ–∑–∂–µ–π —á–∞—Å—Ç–∏. –ö—Ä–æ–º–µ —Ç–æ–≥–æ, –æ–Ω–∞ –æ–±—Ä–∞—Ç–∏–ª–∞ –≤–Ω–∏–º–∞–Ω–∏–µ —à–∫–æ–ª—å–Ω–∏–∫–æ–≤ –Ω–∞ —Ç–∏–ø–∏—á–Ω—ã–µ –æ—à–∏–±–∫–∏, –∫–æ—Ç–æ—Ä—ã–µ –¥–æ–ø—É—Å–∫–∞—é—Ç –ø–µ—à–µ—Ö–æ–¥—ã, –ø–µ—Ä–µ—Ö–æ–¥—è –¥–æ—Ä–æ–≥—É.

–ü–æ–¥ —Ä—É–∫–æ–≤–æ–¥—Å—Ç–≤–æ–º –∞–≤—Ç–æ–∏–Ω—Å–ø–µ–∫—Ç–æ—Ä–æ–≤ —é–Ω—ã–µ —É—á–∞—Å—Ç–Ω–∏–∫–∏ –∞–∫—Ü–∏–∏ –æ—Ä–≥–∞–Ω–∏–∑–æ–≤–∞–Ω–Ω–æ–π –∫–æ–ª–æ–Ω–Ω–æ–π —É—á–∏–ª–∏—Å—å –±–µ–∑–æ–ø–∞—Å–Ω–æ –ø–µ—Ä–µ—Ö–æ–¥–∏—Ç—å –¥–æ—Ä–æ–≥—É –ø–æ –ø–µ—à–µ—Ö–æ–¥–Ω–æ–º—É –ø–µ—Ä–µ—Ö–æ–¥—É.

–í –∑–∞–≤–µ—Ä—à–µ–Ω–∏–µ –º–µ—Ä–æ–ø—Ä–∏—è—Ç–∏—è –ø–æ–ª–∏—Ü–µ–π—Å–∫–∏–µ –µ—â–µ —Ä–∞–∑ –Ω–∞–ø–æ–º–Ω–∏–ª–∏ –¥–µ—Ç—è–º –æ –Ω–µ–æ–±—Ö–æ–¥–∏–º–æ—Å—Ç–∏ —Å–æ–±–ª—é–¥–µ–Ω–∏—è –ü—Ä–∞–≤–∏–ª –¥–æ—Ä–æ–∂–Ω–æ–≥–æ –¥–≤–∏–∂–µ–Ω–∏—è, –ø–æ–∂–µ–ª–∞–ª–∏ –∏–º —É—Å–ø–µ—Ö–æ–≤ –≤ —É—á—ë–±–µ –∏ —Å—Ñ–æ—Ç–æ–≥—Ä–∞—Ñ–∏—Ä–æ–≤–∞–ª–∏—Å—å —Å —É—á–∞—Å—Ç–Ω–∏–∫–∞–º–∏ –∞–∫—Ü–∏–∏.",7,77,0,0,0,25506090,2022-04-07 10:10:50,1970-01-01 00:00:00
c001fd73ed171daeee54943374d9d422,–ù–æ–≤–æ—Å—Ç–∏ –†–µ–≥–∏–æ–Ω–∞ –¥–µ–Ω—å 15.07.2021.mp4,,134,1058,0,0,0,25016118,2022-04-08 15:15:11,1970-01-01 00:00:00
c18384e6f3b6eb85de5aa634e9600819,"2021,04,06.mp4",,5,3576,0,0,0,25387857,2022-04-07 14:05:59,1970-01-01 00:00:00
c7157823bf8933e4a200168ff4b77df3,–ù–æ–≤–æ—Å—Ç–∏ –†–µ–≥–∏–æ–Ω–∞ –¥–µ–Ω—å 15.01.2021.mp4,,1457,1083,0,0,0,25016118,2022-04-05 07:00:31,1970-01-01 00:00:00
d0490b2c2909a2f4428aea4ba306fb98,19 —Ñ–µ–≤—Ä–∞–ª—è 2021,,20,776,0,0,0,24793430,2022-04-06 13:21:03,1970-01-01 00:00:00
d238754af6b352be179f56a7612ed289,–û–± —ç–∫—Å–ø–æ—Ä—Ç–Ω–æ–º –ø–æ—Ç–µ–Ω—Ü–∏–∞–ª–µ –û—Ä–ª–æ–≤—Å–∫–æ–π –æ–±–ª–∞—Å—Ç–∏.,"–°–µ–≥–æ–¥–Ω—è, –∫–æ–≥–¥–∞ –≤ —Å—Ç—Ä–∞–Ω–µ –≤–∑—è—Ç –∫—É—Ä—Å –Ω–∞ —ç–∫—Å–ø–æ—Ä—Ç —Å–µ–ª—å—Ö–æ–∑–ø—Ä–æ–¥—É–∫—Ü–∏–∏, –≤ —Ç–æ–º —á–∏—Å–ª–µ –∂–∏–≤–æ—Ç–Ω–æ–≤–æ–¥—á–µ—Å–∫–æ–π, –∑–∞–¥–∞—á–∞ –†–æ—Å—Å–µ–ª—å—Ö–æ–∑–Ω–∞–¥–∑–æ—Ä–∞ - –ø–æ–º–æ—á—å –æ—Ç–µ—á–µ—Å—Ç–≤–µ–Ω–Ω—ã–º –ø—Ä–æ–∏–∑–≤–æ–¥–∏—Ç–µ–ª—è–º –≤—ã–π—Ç–∏ –Ω–∞ –≤–Ω–µ—à–Ω–∏–µ —Ä—ã–Ω–∫–∏. –£–ø—Ä–∞–≤–ª–µ–Ω–∏–µ–º –†–æ—Å—Å–µ–ª—å—Ö–æ–∑–Ω–∞–¥–∑–æ—Ä–∞ –ø–æ –û—Ä–ª–æ–≤—Å–∫–æ–π –∏ –ö—É—Ä—Å–∫–æ–π –ø—Ä–æ–≤–æ–¥–∏—Ç—Å—è –±–æ–ª—å—à–∞—è —Ä–∞–±–æ—Ç–∞ –≤ —ç—Ç–æ–º –Ω–∞–ø—Ä–∞–≤–ª–µ–Ω–∏–∏. –ï—Å—Ç—å —Ä–µ–∑—É–ª—å—Ç–∞—Ç—ã. –£–∂–µ –≤ –º–∞—Ä—Ç–µ –í–µ—Ä—Ö–æ–≤—Å–∫–∏–π –º–æ–ª–æ—á–Ω—ã–π –∫–æ–Ω—Å–µ—Ä–≤–Ω—ã–π –∑–∞–≤–æ–¥ –ø–ª–∞–Ω–∏—Ä—É–µ—Ç –æ—Ç–≥—Ä—É–∑–∏—Ç—å –ø–µ—Ä–≤—ã–µ –ø–∞—Ä—Ç–∏–∏ —Å–≥—É—â–µ–Ω–Ω–æ–≥–æ –º–æ–ª–æ–∫–∞.",13,627,0,0,0,25107363,2022-03-30 12:17:56,1970-01-01 00:00:00
d6595bbc669fffac442179b6ede485bf,–í –Ø—Ä—Ü–µ–≤—Å–∫–æ–º —Ä–∞–π–æ–Ω–µ –∑–∞–¥–µ—Ä–∂–∞–Ω—ã –Ω–∞—Ä–∫–æ–∑–∞–∫–ª–∞–¥—á–∏–∫–∏ —Å —Å–æ—Ç–Ω–µ–π –¥–æ–∑ –∑–∞–ø—Ä–µ—â–µ–Ω–Ω–æ–≥–æ –≤–µ—â–µ—Å—Ç–≤–∞,,49,37,0,0,0,24120337,2022-04-21 22:25:44,1970-01-01 00:00:00
e1a1697841e2f333e1392cef7389d9d5,–ù–æ–≤–æ—Å—Ç–∏ –†–µ–≥–∏–æ–Ω–∞ –≤–µ—á–µ—Ä 11.03.2021.mp4,,433,1670,0,0,0,25016118,2022-04-05 08:31:10,1970-01-01 00:00:00
e28f02da58887e3ddc337ada9a44b75a,–ú–í–î 18 –æ—Ç 13.07.2018–≥.,,9,526,0,0,0,25510053,2022-04-08 13:27:26,1970-01-01 00:00:00
e34c2eb503d23c068831ca456c78fdde,–ù–æ–≤–æ—Å—Ç–∏ –†–µ–≥–∏–æ–Ω–∞ –≤–µ—á–µ—Ä 05.10.2021.mp4,,105,1666,0,0,0,25016118,2022-04-12 08:50:13,1970-01-01 00:00:00
e4482a58a8bb11cfae1ab42983ada960,–£—á–∞—Å—Ç–∫–æ–≤—ã–π —É–ø–æ–ª–Ω–æ–º–æ—á–µ–Ω–Ω—ã–π –ø–æ–ª–∏—Ü–∏–∏ –≤ —Ç–µ—á–µ–Ω–∏–µ —á–∞—Å–∞ —É—Å—Ç–∞–Ω–æ–≤–∏–ª –ø–æ–¥–æ–∑—Ä–µ–≤–∞–µ–º—ã—Ö –≤ –¥–≤–æ–π–Ω–æ–º —É–±–∏–π—Å—Ç–≤–µ,"–í –¢–æ–º—Å–∫–æ–π –æ–±–ª–∞—Å—Ç–∏ —É—á–∞—Å—Ç–∫–æ–≤—ã–π —É–ø–æ–ª–Ω–æ–º–æ—á–µ–Ω–Ω—ã–π –ø–æ–ª–∏—Ü–∏–∏ –≤ —Ç–µ—á–µ–Ω–∏–µ —á–∞—Å–∞ —É—Å—Ç–∞–Ω–æ–≤–∏–ª –ø–æ–¥–æ–∑—Ä–µ–≤–∞–µ–º—ã—Ö –≤ –¥–≤–æ–π–Ω–æ–º —É–±–∏–π—Å—Ç–≤–µ

22 –æ–∫—Ç—è–±—Ä—è 2021 –≥–æ–¥–∞ –≤ —Å. –ö–æ–º—Å–æ–º–æ–ª—å—Å–∫ –ü–µ—Ä–≤–æ–º–∞–π—Å–∫–æ–≥–æ —Ä–∞–π–æ–Ω–∞ –≤ —É—Ç—Ä–µ–Ω–Ω–µ–µ –≤—Ä–µ–º—è –Ω–∞ —Ç–µ–ª–µ—Ñ–æ–Ω —É—á–∞—Å—Ç–∫–æ–≤–æ–≥–æ —É–ø–æ–ª–Ω–æ–º–æ—á–µ–Ω–Ω–æ–≥–æ –ø–æ–ª–∏—Ü–∏–∏ –∫–∞–ø–∏—Ç–∞–Ω–∞ –ø–æ–ª–∏—Ü–∏–∏ –ê–ª–µ–∫—Å–∞–Ω–¥—Ä–∞ –ì—Ä–∏—à–∫–µ–≤–∏—á–∞ –ø–æ—Å—Ç—É–ø–∏–ª –∑–≤–æ–Ω–æ–∫ –æ—Ç –º–µ—Å—Ç–Ω–æ–≥–æ –∂–∏—Ç–µ–ª—è, –∫–æ—Ç–æ—Ä—ã–π —Å–æ–æ–±—â–∏–ª –ø–æ–ª–∏—Ü–µ–π—Å–∫–æ–º—É, —á—Ç–æ –≤ –∫–æ–Ω—Ü–µ —É–ª. –†–∞–±–æ—á–∞—è –±–ª–∏–∂–µ –∫ –±–µ—Ä–µ–≥—É —Ä. –ß—É–ª—ã–º —Å—Ç–æ–∏—Ç –∞–≤—Ç–æ–º–æ–±–∏–ª—å –æ—Ç–µ—á–µ—Å—Ç–≤–µ–Ω–Ω–æ–≥–æ –ø—Ä–æ–∏–∑–≤–æ–¥—Å—Ç–≤–∞, –≤ –∫–æ—Ç–æ—Ä–æ–º, –≤–µ—Ä–æ—è—Ç–Ω–æ, –Ω–∞—Ö–æ–¥–∏—Ç—Å—è —Ç–µ–ª–æ —á–µ–ª–æ–≤–µ–∫–∞ –±–µ–∑ –ø—Ä–∏–∑–Ω–∞–∫–æ–≤ –∂–∏–∑–Ω–∏.

–°–æ—Ç—Ä—É–¥–Ω–∏–∫ –ø–æ–ª–∏—Ü–∏–∏ –Ω–µ–∑–∞–º–µ–¥–ª–∏—Ç–µ–ª—å–Ω–æ –ø—Ä–∏–±—ã–ª –Ω–∞ –º–µ—Å—Ç–æ –ø—Ä–æ–∏—Å—à–µ—Å—Ç–≤–∏—è, –≥–¥–µ –≤ —Ö–æ–¥–µ –≤–∏–∑—É–∞–ª—å–Ω–æ–≥–æ –æ—Å–º–æ—Ç—Ä–∞ –æ–±–Ω–∞—Ä—É–∂–∏–ª –≤ —Å–∞–ª–æ–Ω–µ –∞–≤—Ç–æ–º–æ–±–∏–ª—è –í–ê–ó-21061 —Ç–µ–ª–∞ –¥–≤–æ–∏—Ö –º—É–∂—á–∏–Ω —Å –∫–æ–ª–æ—Ç–æ-—Ä–µ–∑–∞–Ω—ã–º–∏ —Ä–∞–Ω–µ–Ω–∏—è–º–∏, –ø–æ—Å–ª–µ —á–µ–≥–æ —Å–æ–æ–±—â–∏–ª –æ –ø—Ä–æ–∏–∑–æ—à–µ–¥—à–µ–º –≤ –¥–µ–∂—É—Ä–Ω—É—é —á–∞—Å—Ç—å –æ—Ç–¥–µ–ª–µ–Ω–∏—è –ø–æ–ª–∏—Ü–∏–∏ ¬´–ü–µ—Ä–≤–æ–º–∞–π—Å–∫–æ–µ¬ª –ú–û –ú–í–î –†–æ—Å—Å–∏–∏ ¬´–ê—Å–∏–Ω–æ–≤—Å–∫–∏–π¬ª.

–ü–æ–ª–∏—Ü–µ–π—Å–∫–∏–π, –æ–ø–æ–∑–Ω–∞–≤ —Ç–µ–ª–æ 62-–ª–µ—Ç–Ω–µ–≥–æ –º—É–∂—á–∏–Ω—ã, –Ω–∞—á–∞–ª –ø—Ä–æ–≤–æ–¥–∏—Ç—å –æ–ø—Ä–æ—Å –º–µ—Å—Ç–Ω—ã—Ö –∂–∏—Ç–µ–ª–µ–π. –£—Å—Ç–∞–Ω–æ–≤–ª–µ–Ω–Ω—ã–µ –∏ –æ–ø—Ä–æ—à–µ–Ω–Ω—ã–µ —Å–≤–∏–¥–µ—Ç–µ–ª–∏ –∏ –æ—á–µ–≤–∏–¥—Ü—ã –ø–æ–º–æ–≥–ª–∏ –ê–ª–µ–∫—Å–∞–Ω–¥—Ä—É –ì—Ä–∏—à–∫–µ–≤–∏—á—É –≤—ã–π—Ç–∏ –Ω–∞ —Å–ª–µ–¥ –ø—Ä–µ–¥–ø–æ–ª–∞–≥–∞–µ–º—ã—Ö –∑–ª–æ—É–º—ã—à–ª–µ–Ω–Ω–∏–∫–æ–≤.

–í —Ä–µ–∑—É–ª—å—Ç–∞—Ç–µ —Å–ª–∞–∂–µ–Ω–Ω—ã—Ö –¥–µ–π—Å—Ç–≤–∏–π —É—á–∞—Å—Ç–∫–æ–≤—ã–π —É–ø–æ–ª–Ω–æ–º–æ—á–µ–Ω–Ω—ã–π –ø–æ–ª–∏—Ü–∏–∏ —Å–æ–≤–º–µ—Å—Ç–Ω–æ —Å –ø—Ä–∏–±—ã–≤—à–∏–º –Ω–∞ –º–µ—Å—Ç–æ –Ω–∞—á–∞–ª—å–Ω–∏–∫–æ–º –û–£–£–ü–∏–ü–î–ù –û–ü ¬´–ü–µ—Ä–≤–æ–º–∞–π—Å–∫–æ–µ¬ª –ú–û –ú–í–î –†–æ—Å—Å–∏–∏ ¬´–ê—Å–∏–Ω–æ–≤—Å–∫–∏–π¬ª –º–∞–π–æ—Ä–æ–º –ø–æ–ª–∏—Ü–∏–∏ –ê–ª–µ–∫—Å–µ–µ–º –í–∏–¥–µ–Ω—å–∫–∏–Ω—ã–º, –∑–∞–¥–µ—Ä–∂–∞–ª–∏ –¥–≤–æ–∏—Ö –º–µ—Å—Ç–Ω—ã—Ö –∂–∏—Ç–µ–ª–µ–π, –ø—Ä–∏—á–∞—Å—Ç–Ω—ã—Ö –∫ —Å–æ–≤–µ—Ä—à–µ–Ω–∏—é –ø—Ä–µ—Å—Ç—É–ø–ª–µ–Ω–∏—è. –ü–æ–ª–∏—Ü–µ–π—Å–∫–∏–º–∏ –ø–æ –º–µ—Å—Ç—É –∂–∏—Ç–µ–ª—å—Å—Ç–≤–∞ –∑–∞–¥–µ—Ä–∂–∞–Ω–Ω—ã—Ö –±—ã–ª–∏ –æ–±–Ω–∞—Ä—É–∂–µ–Ω—ã –≤–µ—â–µ—Å—Ç–≤–µ–Ω–Ω—ã–µ –¥–æ–∫–∞–∑–∞—Ç–µ–ª—å—Å—Ç–≤–∞ –∏ –æ—Ä—É–¥–∏—è —Å–æ–≤–µ—Ä—à–µ–Ω–∏—è –ø—Ä–µ—Å—Ç—É–ø–ª–µ–Ω–∏—è.

–ü–æ–¥–æ–∑—Ä–µ–≤–∞–µ–º—ã–µ –¥–æ—Å—Ç–∞–≤–ª–µ–Ω—ã –≤ —Å–ª–µ–¥—Å—Ç–≤–µ–Ω–Ω–æ–µ –ø–æ–¥—Ä–∞–∑–¥–µ–ª–µ–Ω–∏–µ –°–£ –°–ö –†–æ—Å—Å–∏–∏ –ø–æ –¢–æ–º—Å–∫–æ–π –æ–±–ª–∞—Å—Ç–∏.

#–º–≤–¥ #–º–≤–¥—Ä–æ—Å—Å–∏–∏ #–º–≤–¥70 #–ø–æ–ª–∏—Ü–∏—è #–ø–æ–ª–∏—Ü–∏—è—Ç–æ–º—Å–∫–∞ #—Ç–æ–º—Å–∫ #mvd #mvdrf #mvdrussia #police #tomsk #–Ω–æ–≤–æ—Å—Ç–∏–≤—Ç–æ–º—Å–∫–µ #—Ç–æ–º—Å–∫–∏–µ–Ω–æ–≤–æ—Å—Ç–∏ #tomsknews",9,79,0,0,0,25384647,2022-04-06 11:00:42,1970-01-01 00:00:00
e8aa0ef3dca65f7019347013bb77c351,–ù–æ–≤–æ—Å—Ç–∏ –†–µ–≥–∏–æ–Ω–∞ –¥–µ–Ω—å 21.04.2020.mp4,,65,825,0,0,0,25016118,2022-03-31 10:57:55,1970-01-01 00:00:00
ec8fbbcea1cb2443b70dd2effb5b3f18,–°—Ñ–µ—Ä–∞ –ò–Ω—Ç–µ—Ä–µ—Å–æ–≤_–¢–∞—Ç—å—è–Ω–∞ –ë—É–¥–∫–∏–Ω–∞,,27,1299,0,0,0,24202558,2022-05-01 13:52:02,1970-01-01 00:00:00
ee462de6dd03d833e3ef8b93141e98cd,–í –¢–æ–º—Å–∫–µ –ø–æ–ª–∏—Ü–µ–π—Å–∫–∏–µ —Å–æ–≤–º–µ—Å—Ç–Ω–æ —Å –æ–±—â–µ—Å—Ç–≤–µ–Ω–Ω–∏–∫–∞–º–∏ –ø—Ä–æ–≤–µ–ª–∏ –ø—Ä–æ—Ñ–∏–ª–∞–∫—Ç–∏—á–µ—Å–∫–æ–µ –º–µ—Ä–æ–ø—Ä–∏—è—Ç–∏–µ ¬´–ü–µ—à–µ—Ö–æ–¥¬ª,"–í –¢–æ–º—Å–∫–µ –ø–æ–ª–∏—Ü–µ–π—Å–∫–∏–µ —Å–æ–≤–º–µ—Å—Ç–Ω–æ —Å –æ–±—â–µ—Å—Ç–≤–µ–Ω–Ω–∏–∫–∞–º–∏ –∏ –¥—Ä—É–∂–∏–Ω–Ω–∏–∫–∞–º–∏ –ø—Ä–æ–≤–µ–ª–∏ –ø—Ä–æ—Ñ–∏–ª–∞–∫—Ç–∏—á–µ—Å–∫–æ–µ –º–µ—Ä–æ–ø—Ä–∏—è—Ç–∏–µ ¬´–ü–µ—à–µ—Ö–æ–¥¬ª
https://70.xn--b1aew.xn--p1ai/news/it...

–ù–∞–∫–∞–Ω—É–Ω–µ –Ω–∞ —Ç–µ—Ä—Ä–∏—Ç–æ—Ä–∏–∏ –≥–æ—Ä–æ–¥–∞ –¢–æ–º—Å–∫–∞, —Å —Ü–µ–ª—å—é –ø—Ä–µ–¥—É–ø—Ä–µ–∂–¥–µ–Ω–∏—è –¥–æ—Ä–æ–∂–Ω–æ-—Ç—Ä–∞–Ω—Å–ø–æ—Ä—Ç–Ω—ã—Ö –ø—Ä–æ–∏—Å—à–µ—Å—Ç–≤–∏–π —Å —É—á–∞—Å—Ç–∏–µ–º –ø–µ—à–µ—Ö–æ–¥–æ–≤, —Å–æ—Ç—Ä—É–¥–Ω–∏–∫–∏ –ø–æ–ª–∏—Ü–∏–∏ –æ—Ä–≥–∞–Ω–∏–∑–æ–≤–∞–ª–∏ –ø—Ä–æ–≤–µ–¥–µ–Ω–∏–µ –ø—Ä–æ—Ñ–∏–ª–∞–∫—Ç–∏—á–µ—Å–∫–æ–≥–æ –º–µ—Ä–æ–ø—Ä–∏—è—Ç–∏–µ ¬´–ü–µ—à–µ—Ö–æ–¥¬ª.

–í —Ä–µ–π–¥–æ–≤—ã—Ö –º–µ—Ä–æ–ø—Ä–∏—è—Ç–∏—è—Ö –ø—Ä–∏–Ω—è–ª–∏ —É—á–∞—Å—Ç–∏–µ —Å–æ–≤–µ—Ç–Ω–∏–∫ –∫–æ–º–∏—Ç–µ—Ç–∞ –æ–±—â–µ—Å—Ç–≤–µ–Ω–Ω–æ–π –±–µ–∑–æ–ø–∞—Å–Ω–æ—Å—Ç–∏ –∞–¥–º–∏–Ω–∏—Å—Ç—Ä–∞—Ü–∏–∏ –≥–æ—Ä–æ–¥–∞ –¢–æ–º—Å–∫–∞ –õ–∞—Ä–∏—Å–∞ –ü–∏—Ç–∏–Ω–æ–≤–∞ –∏ –±–æ–ª–µ–µ 30 –ø—Ä–µ–¥—Å—Ç–∞–≤–∏—Ç–µ–ª–µ–π –î–æ–±—Ä–æ–≤–æ–ª—å–Ω—ã—Ö –Ω–∞—Ä–æ–¥–Ω—ã—Ö –¥—Ä—É–∂–∏–Ω –∏–∑ –û–∫—Ç—è–±—Ä—å—Å–∫–æ–≥–æ —Ä–∞–π–æ–Ω–∞ –≥–æ—Ä–æ–¥–∞ –¢–æ–º—Å–∫–∞, –∞ —Ç–∞–∫–∂–µ —Å—Ç—É–¥–µ–Ω—Ç—ã –¢–æ–º—Å–∫–æ–≥–æ –≥–æ—Å—É–¥–∞—Ä—Å—Ç–≤–µ–Ω–Ω–æ–≥–æ —É–Ω–∏–≤–µ—Ä—Å–∏—Ç–µ—Ç–∞, –¢–æ–º—Å–∫–æ–≥–æ –∞–≥—Ä–∞—Ä–Ω–æ–≥–æ –∫–æ–ª–ª–µ–¥–∂–∞ –∏ –¢–æ–º—Å–∫–æ–≥–æ —Ç–µ—Ö–Ω–∏–∫—É–º–∞ –≤–æ–¥–Ω–æ–≥–æ —Ç—Ä–∞–Ω—Å–ø–æ—Ä—Ç–∞ –∏ —Å—É–¥–æ—Ö–æ–¥—Å—Ç–≤–∞.

–ü–µ—Ä–µ–¥ –∑–∞—Å—Ç—É–ø–ª–µ–Ω–∏–µ–º –Ω–∞ —Å–ª—É–∂–±—É –Ω–∞—Ä—è–¥–æ–≤ –î–ü–° –∏ –¥—Ä—É–∂–∏–Ω–Ω–∏–∫–æ–≤, –ì–ª–∞–≤–Ω—ã–π –≥–æ—Å—É–¥–∞—Ä—Å—Ç–≤–µ–Ω–Ω—ã–π –∏–Ω—Å–ø–µ–∫—Ç–æ—Ä –±–µ–∑–æ–ø–∞—Å–Ω–æ—Å—Ç–∏ –¥–æ—Ä–æ–∂–Ω–æ–≥–æ –¥–≤–∏–∂–µ–Ω–∏—è –¢–æ–º—Å–∫–æ–π –æ–±–ª–∞—Å—Ç–∏ –ê–ª–µ–∫—Å–∞–Ω–¥—Ä –ó–æ–ª–æ—Ç–∞—Ä–µ–≤ –æ—Ç–º–µ—Ç–∏–ª, —á—Ç–æ –ø—Ä–µ–¥—É–ø—Ä–µ–∂–¥–µ–Ω–∏–µ –¥–æ—Ä–æ–∂–Ω–æ-—Ç—Ä–∞–Ω—Å–ø–æ—Ä—Ç–Ω—ã—Ö –ø—Ä–æ–∏—Å—à–µ—Å—Ç–≤–∏–π —Å —É—á–∞—Å—Ç–∏–µ–º –ø–µ—à–µ—Ö–æ–¥–æ–≤ –∏–º–µ–µ—Ç –æ—á–µ–Ω—å –±–æ–ª—å—à–æ–µ –∑–Ω–∞—á–µ–Ω–∏–µ, —Ç–∞–∫ –∫–∞–∫ –¥–∞–Ω–Ω—ã–π –≤–∏–¥ –î–¢–ü —Å–æ—Å—Ç–∞–≤–ª—è–µ—Ç 35% –æ—Ç —á–∏—Å–ª–∞ –ø—Ä–æ–∏—Å—à–µ—Å—Ç–≤–∏–π –≤ –¢–æ–º—Å–∫–æ–π –æ–±–ª–∞—Å—Ç–∏. –†—É–∫–æ–≤–æ–¥–∏—Ç–µ–ª—å –ì–æ—Å–∞–≤—Ç–æ–∏–Ω—Å–ø–µ–∫—Ü–∏–∏ —Ä–µ–≥–∏–æ–Ω–∞ –ø–æ–±–ª–∞–≥–æ–¥–∞—Ä–∏–ª –¥—Ä—É–∂–∏–Ω–Ω–∏–∫–æ–≤ –∑–∞ –∏—Ö –∞–∫—Ç–∏–≤–Ω—É—é –≥—Ä–∞–∂–¥–∞–Ω—Å–∫—É—é –ø–æ–∑–∏—Ü–∏—é –∏ –ø–æ–º–æ—â—å —Å–æ—Ç—Ä—É–¥–Ω–∏–∫–∞–º –ì–ò–ë–î–î –≤ –æ–±–µ—Å–ø–µ—á–µ–Ω–∏–∏ –±–µ–∑–æ–ø–∞—Å–Ω–æ—Å—Ç–∏ –¥–æ—Ä–æ–∂–Ω–æ–≥–æ –¥–≤–∏–∂–µ–Ω–∏—è.

–ú–µ—Å—Ç–∞ –Ω–µ—Å–µ–Ω–∏—è —Å–ª—É–∂–±—ã –∏–Ω—Å–ø–µ–∫—Ç–æ—Ä–æ–≤ –∏ –¥—Ä—É–∂–∏–Ω–Ω–∏–∫–æ–≤ –±—ã–ª–∏ –ø—Ä–∏–±–ª–∏–∂–µ–Ω—ã –∫ –Ω–µ—Ä–µ–≥—É–ª–∏—Ä—É–µ–º—ã–º –ø–µ—à–µ—Ö–æ–¥–Ω—ã–º –ø–µ—Ä–µ—Ö–æ–¥–∞–º –∏ –º–µ—Å—Ç–∞–º –∫–æ–Ω—Ü–µ–Ω—Ç—Ä–∞—Ü–∏–∏ –¥–æ—Ä–æ–∂–Ω–æ-—Ç—Ä–∞–Ω—Å–ø–æ—Ä—Ç–Ω—ã—Ö –ø—Ä–æ–∏—Å—à–µ—Å—Ç–≤–∏–π —Å —É—á–∞—Å—Ç–∏–µ–º –ø–µ—à–µ—Ö–æ–¥–æ–≤.

–í —Ö–æ–¥–µ –º–µ—Ä–æ–ø—Ä–∏—è—Ç–∏—è —Å–æ—Ç—Ä—É–¥–Ω–∏–∫–∞–º–∏ –ì–ò–ë–î–î –≤—ã—è–≤–ª–µ–Ω–æ 200 –Ω–∞—Ä—É—à–µ–Ω–∏–π –ü—Ä–∞–≤–∏–ª –¥–æ—Ä–æ–∂–Ω–æ–≥–æ –¥–≤–∏–∂–µ–Ω–∏—è, –∏–∑ –Ω–∏—Ö 30 –Ω–∞—Ä—É—à–µ–Ω–∏–π –¥–æ–ø—É—Å—Ç–∏–ª–∏ –ø–µ—à–µ—Ö–æ–¥—ã, 24 –≤–æ–¥–∏—Ç–µ–ª—è –ø—Ä–∏–≤–ª–µ—á–µ–Ω—ã –∫ –æ—Ç–≤–µ—Ç—Å—Ç–≤–µ–Ω–Ω–æ—Å—Ç–∏ –∑–∞ –Ω–µ–ø—Ä–µ–¥–æ—Å—Ç–∞–≤–ª–µ–Ω–∏–µ –ø—Ä–µ–∏–º—É—â–µ—Å—Ç–≤–∞ –≤ –¥–≤–∏–∂–µ–Ω–∏–∏ –ø–µ—à–µ—Ö–æ–¥–∞–º.

–ë–æ–ª–µ–µ 400 –ø—Ä–æ—Ñ–∏–ª–∞–∫—Ç–∏—á–µ—Å–∫–∏—Ö –±–µ—Å–µ–¥ –ø—Ä–æ–≤–µ–¥–µ–Ω–æ –æ–±—â–µ—Å—Ç–≤–µ–Ω–Ω–∏–∫–∞–º–∏ –∏ –ø–æ–ª–∏—Ü–µ–π—Å–∫–∏–º–∏ —Å —É—á–∞—Å—Ç–Ω–∏–∫–∞–º–∏ –¥–æ—Ä–æ–∂–Ω–æ–≥–æ –¥–≤–∏–∂–µ–Ω–∏—è. –û—Å–æ–±–æ–µ –≤–Ω–∏–º–∞–Ω–∏–µ —É–¥–µ–ª—è–ª–æ—Å—å –ø–æ–∂–∏–ª—ã–º –∏ —Å–∞–º—ã–º —é–Ω—ã–º –ø–µ—à–µ—Ö–æ–¥–∞–º, –∏–º –Ω–∞–ø–æ–º–Ω–∏–ª–∏ –æ –ø—Ä–∞–≤–∏–ª–∞—Ö –±–µ–∑–æ–ø–∞—Å–Ω–æ–≥–æ –ø–µ—Ä–µ—Ö–æ–¥–∞ —á–µ—Ä–µ–∑ –¥–æ—Ä–æ–≥—É –∏ –≤—Ä—É—á–∏–ª–∏ —Å–≤–µ—Ç–æ–≤–æ–∑–≤—Ä–∞—â–∞—é—â–∏–µ —ç–ª–µ–º–µ–Ω—Ç—ã, –¥–µ–ª–∞—é—â–∏–µ –ø–µ—à–µ—Ö–æ–¥–æ–≤ ¬´–∑–∞–º–µ—Ç–Ω–µ–µ¬ª –¥–ª—è –≤–æ–¥–∏—Ç–µ–ª–µ–π –≤ —Ç–µ–º–Ω–æ–µ –≤—Ä–µ–º—è —Å—É—Ç–æ–∫ –∏ –≤ —É—Å–ª–æ–≤–∏—è—Ö –Ω–µ–¥–æ—Å—Ç–∞—Ç–æ—á–Ω–æ–π –≤–∏–¥–∏–º–æ—Å—Ç–∏.

–ì–æ—Å–∞–≤—Ç–æ–∏–Ω—Å–ø–µ–∫—Ü–∏—è –¢–æ–º—Å–∫–æ–π –æ–±–ª–∞—Å—Ç–∏ –ø—Ä–∏–∑—ã–≤–∞–µ—Ç –≤—Å–µ—Ö —É—á–∞—Å—Ç–Ω–∏–∫–æ–≤ –¥–æ—Ä–æ–∂–Ω–æ–≥–æ –¥–≤–∏–∂–µ–Ω–∏—è —Å–æ–±–ª—é–¥–∞—Ç—å –ü—Ä–∞–≤–∏–ª–∞ –¥–æ—Ä–æ–∂–Ω–æ–≥–æ –¥–≤–∏–∂–µ–Ω–∏—è, –±—ã—Ç—å –≤–Ω–∏–º–∞—Ç–µ–ª—å–Ω—ã–º–∏ –∏ –æ—Å—Ç–æ—Ä–æ–∂–Ω—ã–º–∏ –∏ —Å —É–≤–∞–∂–µ–Ω–∏–µ–º –æ—Ç–Ω–æ—Å–∏—Ç—å—Å—è –¥—Ä—É–≥ –∫ –¥—Ä—É–≥—É.",9,70,0,0,0,25384647,2022-04-07 06:41:07,1970-01-01 00:00:00
eea5622419e3d1e6963bf6644404a0c9,¬´–ö—Ä—É–≥–ª—ã–π —Å—Ç–æ–ª¬ª _ –î–µ–Ω—å —Å–∞–º–æ—É–ø—Ä–∞–≤–ª–µ–Ω–∏—è _ —Å—Ä–µ–¥–Ω—è—è —à–∫–æ–ª–∞ ‚Ññ7,,4,258,0,0,0,25015562,2022-04-05 11:30:27,1970-01-01 00:00:00
f0ce81fcd64bb195e2ba1048dd281c21,–î—É—Ö–æ–≤–Ω—ã–µ –≥–æ—Å—Ç–∏ –∏–∑ –ú–∞–≥–Ω–∏—Ç–æ–≥–æ—Ä—Å–∫–∞ –ø–µ—Ä–µ–Ω–∏–º–∞—é—Ç –≥—Ä–∞–Ω—Ç–æ–≤—ã–π –æ–ø—ã—Ç –ó–ª–∞—Ç–æ—É—Å—Ç–æ–≤—Å–∫–æ–π –µ–ø–∞—Ä—Ö–∏–∏,"–í —ç—Ç–æ –≤–æ—Å–∫—Ä–µ—Å–µ–Ω—å–µ —Å–º–æ—Ç—Ä–∏—Ç–µ –Ω–æ–≤—ã–π –≤—ã–ø—É—Å–∫ –ø—Ä–æ–≥—Ä–∞–º–º—ã ¬´–î–µ–Ω—å —Å–µ–¥—å–º–æ–π¬ª. –í–µ–¥—É—â–∞—è –Æ–ª–∏—è –ö–æ—Å—Ç—é—à–µ–≤–∞ —Ä–∞—Å—Å–∫–∞–∂–µ—Ç –æ –ø—Ä–µ–¥—Å—Ç–∞–≤–∏—Ç–µ–ª—è—Ö –ú–∞–≥–Ω–∏—Ç–æ–≥–æ—Ä—Å–∫–∞. –ì–æ—Å—Ç–∏ –ø–æ—Å–µ—Ç–∏–ª–∏ –Ω–µ—Å–∫–æ–ª—å–∫–æ —Å–æ—Ü–∏–∞–ª—å–Ω—ã—Ö —É—á—Ä–µ–∂–¥–µ–Ω–∏–π –≥–æ—Ä–æ–¥–∞, –≤ —Ç–æ–º —á–∏—Å–ª–µ –∏ –ü—Ä–∞–≤–æ—Å–ª–∞–≤–Ω—É—é —à–∫–æ–ª—É.",5,40,0,0,0,6007239,2022-04-22 15:57:12,1970-01-01 00:00:00
f5ebc83cd4afd8e2a841784b4cb4c2c9,–ù–æ–≤–æ—Å—Ç–∏ –†–µ–≥–∏–æ–Ω–∞ –≤–µ—á–µ—Ä 23.12.2020.mp4,,92,1366,0,0,0,25016118,2022-04-04 11:16:41,1970-01-01 00:00:00
eb6c7918f81a929b62388d21a21ddb6a,–ö–∞–∫ –°—Ç–∞–≤—Ä–æ–ø–æ–ª—å–µ –≥–æ—Ç–æ–≤–∏—Ç—Å—è –∫ –ª–µ—Ç–Ω–∏–º –∏–Ω—Ñ–µ–∫—Ü–∏—è–º: –∏–Ω—Ç–µ—Ä–≤—å—é —Å –º–∏–Ω–∏—Å—Ç—Ä–æ–º –∑–¥—Ä–∞–≤–æ–æ—Ö—Ä–∞–Ω–µ–Ω–∏—è –∫—Ä–∞—è,"–°–µ–∑–æ–Ω–Ω—ã–π –ø–µ—Ä–∏–æ–¥ –û–†–í–ò –Ω–∞ –°—Ç–∞–≤—Ä–æ–ø–æ–ª—å–µ —Å—É—â–µ—Å—Ç–≤–µ–Ω–Ω–æ –ø–æ—à–µ–ª –Ω–∞ —Å–ø–∞–¥. –û–± —ç—Ç–æ–º —Ä–∞—Å—Å–∫–∞–∑–∞–ª–∏ –≤ –º–∏–Ω–∏—Å—Ç–µ—Ä—Å—Ç–≤–µ –∑–¥—Ä–∞–≤–æ–æ—Ö—Ä–∞–Ω–µ–Ω–∏—è –∫—Ä–∞—è.

–í –≤–µ–¥–æ–º—Å—Ç–≤–µ –æ—Ç–º–µ—Ç–∏–ª–∏, —á—Ç–æ —Ä–∞—Å—Å–ª–∞–±–ª—è—Ç—å—Å—è –∂–∏—Ç–µ–ª—è–º –≤—Å—ë –∂–µ –Ω–µ —Å—Ç–æ–∏—Ç. –í–µ–¥—å –Ω–∞ —Å–º–µ–Ω—É –∑–∏–º–Ω–∏–º –∏–Ω—Ñ–µ–∫—Ü–∏—è–º –ø—Ä–∏—à–ª–∏ –ª–µ—Ç–Ω–∏–µ. –†–µ—á—å –æ –∫—Ä—ã–º—Å–∫–æ–π –≥–µ–º–æ—Ä—Ä–∞–≥–∏—á–µ—Å–∫–æ–π –ª–∏—Ö–æ—Ä–∞–¥–∫–µ –∏ —Ç—É–ª—è—Ä–µ–º–∏–∏.

–ü–æ–¥—Ä–æ–±–Ω–µ–µ –æ —Ç–æ–º, –∫–∞–∫—É—é —Ä–∞–±–æ—Ç—É –ø—Ä–æ–≤–æ–¥–∏—Ç –≤–µ–¥–æ–º—Å—Ç–≤–æ –ø–æ –ø—Ä–æ—Ñ–∏–ª–∞–∫—Ç–∏–∫–µ —ç—Ç–∏—Ö –∑–∞–±–æ–ª–µ–≤–∞–Ω–∏–π, –≤ —Ç–æ–º —á–∏—Å–ª–µ –≤ —Ä–∞–º–∫–∞—Ö –≥–æ—Å—É–¥–∞—Ä—Å—Ç–≤–µ–Ω–Ω–æ–π –ø—Ä–æ–≥—Ä–∞–º–º—ã –°—Ç–∞–≤—Ä–æ–ø–æ–ª—å—Å–∫–æ–≥–æ –∫—Ä–∞—è ¬´–†–∞–∑–≤–∏—Ç–∏–µ –∑–¥—Ä–∞–≤–æ–æ—Ö—Ä–∞–Ω–µ–Ω–∏—è¬ª, —Ä–∞—Å—Å–∫–∞–∑–∞–ª –º–∏–Ω–∏—Å—Ç—Ä –∑–¥—Ä–∞–≤–æ–æ—Ö—Ä–∞–Ω–µ–Ω–∏—è —Ä–µ–≥–∏–æ–Ω–∞ –Æ—Ä–∏–π –õ–∏—Ç–≤–∏–Ω–æ–≤.
 
–û—Ñ–∏—Ü–∏–∞–ª—å–Ω—ã–π —Å–∞–π—Ç –ì–¢–†–ö ""–°—Ç–∞–≤—Ä–æ–ø–æ–ª—å–µ"" https://stavropolye.tv
Rutube –∫–∞–Ω–∞–ª https://rutube.ru/u/stavropolye
–¢–µ–ª–µ–≥—Ä–∞–º https://t.me/s/stavropolye_tv
–û–¥–Ω–æ–∫–ª–∞—Å—Å–Ω–∏–∫–∏ https://ok.ru/stavropolye
–ú–æ–π –ú–∏—Ä https://my.mail.ru/community/stavropolye.tv
–í—Å—Ç—É–ø–∞–π—Ç–µ –≤ –≥—Ä—É–ø–ø—É –í–ö https://vk.com/stavropolye_tv
–î–∑–µ–Ω https://dzen.ru/stavropolye

#–≥—Ç—Ä–∫—Å—Ç–∞–≤—Ä–æ–ø–æ–ª—å–µ #–≤–µ—Å—Ç–∏—Å—Ç–∞–≤—Ä–æ–ø–æ–ª—å—Å–∫–∏–π–∫—Ä–∞–π #—Å—Ç–∞–≤—Ä–æ–ø–æ–ª—å–µ #–≤–≥—Ç—Ä–∫ #–≥—Ç—Ä–∫ #–≤–µ—Å—Ç–∏ #stavropolye #stavropol #—Å—Ç–∞–≤—Ä–æ–ø–æ–ª—å #—Å–∫—Ñ–æ #—Ç–≤ #—Ä–æ—Å—Å–∏—è1 #—Ä–æ—Å—Å–∏—è24 #–Ω–æ–≤–æ—Å—Ç–∏ #news",5,404,0,0,0,12488,2024-05-03 23:19:32,2024-05-03 23:21:08
4d629575948152e315939e74d7690d7e,–û—Ç–∫—Ä—ã–ª–∏—Å—å –Ω–æ–≤—ã–µ –≤–æ–∑–º–æ–∂–Ω–æ—Å—Ç–∏: –º–µ–¥–∫–æ–ª–ª–µ–¥–∂ –≤ –î–º–∏—Ç—Ä–æ–≤–µ –≥–æ—Ç–æ–≤ –ø—Ä–∏–Ω—è—Ç—å –Ω–æ–≤—ã—Ö –∞–±–∏—Ç—É—Ä–∏–µ–Ω—Ç–æ–≤ –ø–æ—Å–ª–µ –∫–∞–ø—Ä–µ–º–æ–Ω—Ç–∞,"‚≠ïÔ∏è–ü–æ–¥–ø–∏—à–∏—Ç–µ—Å—å –Ω–∞ –∫–∞–Ω–∞–ª 360: https://rutube.ru/channel/23501555/

–ü–æ—Å–ª–µ –∫–∞–ø–∏—Ç–∞–ª—å–Ω–æ–≥–æ —Ä–µ–º–æ–Ω—Ç–∞ –≤ –î–º–∏—Ç—Ä–æ–≤—Å–∫–æ–º —Ñ–∏–ª–∏–∞–ª–µ –æ–±–ª–∞—Å—Ç–Ω–æ–≥–æ –º–µ–¥–∫–æ–ª–ª–µ–¥–∂–∞ –æ—Ç–∫—Ä—ã–ª–∏—Å—å –Ω–æ–≤—ã–µ –≤–æ–∑–º–æ–∂–Ω–æ—Å—Ç–∏. –ò —Ä–µ—á—å –Ω–µ —Ç–æ–ª—å–∫–æ –æ–± —É–≤–µ–ª–∏—á–µ–Ω–Ω–æ–º –∫–æ–ª–∏—á–µ—Å—Ç–≤–µ –∞–±–∏—Ç—É—Ä–∏–µ–Ω—Ç–æ–≤. –ó–¥–µ—Å—å –æ–±–Ω–æ–≤–∏–ª–∏ –∏ —Å–∞–º –ø–æ–¥—Ö–æ–¥ –∫ –æ–±—É—á–µ–Ω–∏—é. –í–Ω—É—Ç—Ä–∏ —É—Å—Ç–∞–Ω–æ–≤–∏–ª–∏ —Ç—Ä–µ–Ω–∞–∂–µ—Ä—ã –¥–ª—è –æ—Ç—Ä–∞–±–æ—Ç–∫–∏ –∏–Ω—ä–µ–∫—Ü–∏–π –∏ —Å–µ—Ä–¥–µ—á–Ω–æ-–ª–µ–≥–æ—á–Ω–æ–π —Ä–µ–∞–Ω–∏–º–∞—Ü–∏–∏. –°—Ç—É–¥–µ–Ω—Ç—ã –º–æ–≥—É—Ç –≤ —Ü–∏—Ñ—Ä–µ —Å–º–æ–¥–µ–ª–∏—Ä–æ–≤–∞—Ç—å —Ä–∞–∑–ª–∏—á–Ω—ã–µ –º–µ–¥–∏—Ü–∏–Ω—Å–∫–∏–µ —Å–∏—Ç—É–∞—Ü–∏–∏ –∏ –Ω–∞ –ø—Ä–∞–∫—Ç–∏–∫–µ –æ—Ç—Ç–æ—á–∏—Ç—å –Ω–∞–≤—ã–∫–∏. –û–±—É—á–∏—Ç—å—Å—è –Ω–æ–≤–æ–º—É –º–æ–≥—É—Ç –∏ —É–∂–µ —Å–æ—Å—Ç–æ—è–≤—à–∏–µ—Å—è –º–µ–¥–∏–∫–∏, –¥–æ—Å—Ç–∞—Ç–æ—á–Ω–æ –ø—Ä–∏–π—Ç–∏ –Ω–∞ –∫—É—Ä—Å—ã –ø–æ–≤—ã—à–µ–Ω–∏—è –∫–≤–∞–ª–∏—Ñ–∏–∫–∞—Ü–∏–∏. 

#–¢–µ–ª–µ–∫–∞–Ω–∞–ª360 #–ü–æ–¥–º–æ—Å–∫–æ–≤—å–µ #–î–º–∏—Ç—Ä–æ–≤ #–º–µ–¥–∏—Ü–∏–Ω—Å–∫–∏–π #–∫–æ–ª–ª–µ–¥–∂ #—Ä–µ–º–æ–Ω—Ç #–∫–∞–ø–∏—Ç–∞–ª—å–Ω—ã–π #—Å—Ç—É–¥–µ–Ω—Ç—ã #–∞–±–∏—Ç—É—Ä–∏–µ–Ω—Ç—ã #—Ç–µ—Ö–Ω–æ–ª–æ–≥–∏–∏ #—à—Ä–∏–≥–∞–¥–∞ #–ò—Ä–∏–Ω–∞–õ—é–ª–∏–Ω–∞

‚≠ïÔ∏è–ü–æ–¥–ø–∏—Å—ã–≤–∞–π—Ç–µ—Å—å –Ω–∞ –Ω–∞—à–∏ –¥—Ä—É–≥–∏–µ —Å–æ—Ü—Å–µ—Ç–∏!",14,167,0,0,0,23501555,2024-05-03 23:15:15,2024-05-03 23:17:25
8d80f061efcb159e2efd19b27887d57e,–§—Ä–æ–Ω—Ç–æ–≤–∞—è —Å–≤–æ–¥–∫–∞ 3 –º–∞—è 2024,"–û –Ω–∞–¥–≤–∏–≥–∞—é—â–∏—Ö—Å—è –∏–∑–º–µ–Ω–µ–Ω–∏—è—Ö –Ω–∞ –í—Ä–µ–º–µ–≤—Å–∫–æ–º –≤—ã—Å—Ç—É–ø–µ, –≥–¥–µ –Ω–∞—à–∏ –ø–æ—Ä–∞–∑–∏–ª–∏ –º–æ—Å—Ç, –∞ —Ç–∞–∫–∂–µ –æ —Ç–∞–∫—Ç–∏–∫–µ ¬´–º–∞–ª—ã—Ö –∫–æ—Ç–ª–æ–≤¬ª –∏ –≤—ã—Å—Ç–∞–≤–∫–µ –Ω–∞ –ü–æ–∫–ª–æ–Ω–Ω–æ–π –≥–æ—Ä–µ.",102,395,20,0,1,24707993,2024-05-03 23:10:46,2024-05-03 23:14:21
3f0d958756c45d189186d84467010910,–í–µ—Å—Ç–∏-–Ø—Ä–æ—Å–ª–∞–≤–ª—å –æ—Ç 03.05.2024 21:05,,3,868,0,0,0,23833079,2024-05-03 23:06:49,2024-05-03 23:12:05
57360acf376191df710eded542300a0b,–í–æ–µ–Ω–Ω–æ—Å–ª—É–∂–∞—â–∏–π –í–° –†–§ —Å –ø–æ–∑—ã–≤–Ω—ã–º ¬´–ë–æ—Ä–æ–¥–∞¬ª –≤ —Ü–∏–∫–ª–µ –ø–µ—Ä–µ–¥–∞—á ¬´–ß–µ–ª–æ–≤–µ–∫ –Ω–∞ –≤–æ–π–Ω–µ¬ª,"üìπ–ß–ï–õ–û–í–ï–ö –ù–ê –í–û–ô–ù–ï

–ù–æ–≤—ã–π —Ü–∏–∫–ª –ø—Ä–æ–≥—Ä–∞–º–º –°–æ–ª–æ–≤—å—ë–≤Live –≤ –∫–æ—Ç–æ—Ä–æ–º –º–æ–±–∏–ª–∏–∑–æ–≤–∞–Ω–Ω—ã–µ, –¥–æ–±—Ä–æ–≤–æ–ª—å—Ü—ã, –∫–∞–¥—Ä–æ–≤—ã–µ –≤–æ–µ–Ω–Ω—ã–µ —Ä–∞—Å—Å–∫–∞–∑—ã–≤–∞—é—Ç –æ —Å–≤–æ–µ–π –∂–∏–∑–Ω–∏ –≤ —É—Å–ª–æ–≤–∏—è—Ö –≤–æ–æ—Ä—É–∂–µ–Ω–Ω–æ–≥–æ –∫–æ–Ω—Ñ–ª–∏–∫—Ç–∞. 

–ì–µ—Ä–æ–π —ç—Ç–æ–π –ø—Ä–æ–≥—Ä–∞–º–º—ã ‚Äî –≤–æ–µ–Ω–Ω–æ—Å–ª—É–∂–∞—â–∏–π –í–° –†–§ —Å –ø–æ–∑—ã–≤–Ω—ã–º ¬´–ë–æ—Ä–æ–¥–∞¬ª.",78,200,4,1,0,23484660,2024-05-03 23:08:25,2024-05-03 23:10:51
3e418e05eb41cd974005c4cef1ad0d80,–†–æ—Å—Ç–æ–≤ —Å–µ–≥–æ–¥–Ω—è: –≤–µ—á–µ—Ä–Ω–∏–π –≤—ã–ø—É—Å–∫. 3 –º–∞—è 2024,,1,2258,0,0,0,28310011,2024-05-03 21:15:22,2024-05-03 23:10:10
aa2faf2620c50aa583e0a98647678138,–ù–æ–≤–æ—Å—Ç–∏ –±–æ–ª—å—à–æ–≥–æ –æ–∫—Ä—É–≥–∞: –≤—ã–ø—É—Å–∫ 3 –º–∞—è 2024,"- –ü–æ–¥–≥–æ—Ç–æ–≤–∫—É –∫ –æ—Ç–æ–ø–∏—Ç–µ–ª—å–Ω–æ–º—É —Å–µ–∑–æ–Ω—É 2024-25 –æ–±—É—Å—É–¥–∏–ª–∏ –≤ –∞–¥–º–∏–Ω–∏—Å—Ç—Ä–∞—Ü–∏–∏ –ü—É—à–∫–∏–Ω—Å–∫–æ–≥–æ.
- –û —Å—É–¥—å–±–µ –æ–¥–Ω–æ–π –∏–∑ —Å—Ç–∞—Ä–µ–π—à–∏—Ö –∂–∏—Ç–µ–ª—å–Ω–∏—Ü –ò–≤–∞–Ω—Ç–µ–µ–≤–∫–∏ - –≤ –Ω–∞—à–µ–º —Å—é–∂–µ—Ç–µ.
- –ö–∞–∫ –æ—Ç–∫—Ä—ã–ª–∏ —Ç–µ–ø–ª—ã–π —Å–µ–∑–æ–Ω –≤ –ü—É—à–∫–∏–Ω—Å–∫–æ–º?",7,1442,0,0,0,25228338,2024-05-03 22:51:08,2024-05-03 23:07:31
384e98a22c1f2c319c171d9bf8d2641f,–°–ª—É–∂–±–∞ –ø–æ –∫–æ–Ω—Ç—Ä–∞–∫—Ç—É: –ø—Ä–∏—Å–æ–µ–¥–∏–Ω—è–π—Å—è –∫ –°–í–û–∏–º,"–ó–∞—â–∏—â–∞—Ç—å –†–æ–¥–∏–Ω—É ‚Äî —ç—Ç–æ —Å–≤—è—â–µ–Ω–Ω—ã–π –¥–æ–ª–≥ –∫–∞–∂–¥–æ–≥–æ –ø–∞—Ç—Ä–∏–æ—Ç–∞ —Å–≤–æ–µ–π —Å—Ç—Ä–∞–Ω—ã. –ê –µ—â–µ —ç—Ç–æ –º–æ–∂–µ—Ç —Å—Ç–∞—Ç—å –ø—Ä–æ—Ñ–µ—Å—Å–∏–µ–π. –í—ã–±—Ä–∞–≤ –≤–æ–µ–Ω–Ω—É—é —Å–ª—É–∂–±—É –ø–æ –∫–æ–Ω—Ç—Ä–∞–∫—Ç—É, –º–æ–∂–Ω–æ —Å—Ç–∞—Ç—å –ø—Ä–æ—Ñ–µ—Å—Å–∏–æ–Ω–∞–ª–æ–º –≤ —ç—Ç–æ–º –¥–µ–ª–µ. –ö–∞–∫ —ç—Ç–æ —Å–¥–µ–ª–∞—Ç—å? –ü–æ–¥—Ä–æ–±–Ω–µ–µ —Ä–∞—Å—Å–∫–∞–∂–µ–º –≤ —Å–ª–µ–¥—É—é—â–µ–º —Å—é–∂–µ—Ç–µ.",11,143,0,0,0,539776,2024-05-03 22:59:54,2024-05-03 23:01:43
1adc6732e8ea3fdf12b8195ba6be48ab,10 –ª–µ—Ç —Å–æ –¥–Ω—è —Ç—Ä–∞–≥–µ–¥–∏–∏ –≤ –î–æ–º–µ –ü—Ä–æ—Ñ—Å–æ—é–∑–æ–≤ –û–¥–µ—Å—Å—ã | –ü–æ—è—Å–Ω–∏—Ç–µ–ª—å–Ω–∞—è –ë—Ä–∏–≥–∞–¥–∞ | 2.05.24,"üö®üî• –¢—Ä–∞–≥–µ–¥–∏—è –≤ –î–æ–º–µ –ü—Ä–æ—Ñ—Å–æ—é–∑–æ–≤ 2 –º–∞—è 2014 –≥–æ–¥–∞ –Ω–µ –¥–∞—ë—Ç –∏ –Ω–µ –¥–∞—Å—Ç –Ω–∞–º –ø–æ–∫–æ—è –ø–æ–∫–∞ –Ω–µ –±—É–¥–µ—Ç —Ä–∞—Å—Å–ª–µ–¥–æ–≤–∞–Ω–∞ –ø–æ –∑–∞–∫–æ–Ω—É –¥–æ –∫–æ–Ω—Ü–∞. –í–∞–∂–Ω–æ–µ –≤–∏–¥–µ–æ!! –ü–æ–¥–µ–ª–∏—Ç–µ—Å—å –∏–º. –î–∞–≤–∞–π—Ç–µ –≤—Å–ø–æ–º–Ω–∏–º –∫–∞–∫ —ç—Ç–æ –±—ã–ª–æ –∏ —á—Ç–æ –Ω–∞–º –µ—â–µ –ø—Ä–µ–¥—Å—Ç–æ–∏—Ç –ø–æ–Ω—è—Ç—å –∏ —Ä–∞–∑–æ–±—Ä–∞—Ç—å. –ö—Ç–æ –∑–∞ —ç—Ç–∏–º –≤—Å–µ–º —Å—Ç–æ–∏—Ç –∏ –∫–æ–≥–æ –∑–∞ —ç—Ç–æ –≤—Å—ë —Å—É–¥–∏—Ç—å? –ü–æ–≥–æ–≤–æ—Ä–∏–º –æ–± —ç—Ç–æ–º? –ü–æ—è—Å–Ω–∏—Ç–µ–ª—å–Ω–∞—è –ë—Ä–∏–≥–∞–¥–∞ –≤—ã–µ—Ö–∞–ª–∞. –í—Å—Ç—Ä–µ—á–∞–π—Ç–µ –∏ —Ä–∞—Å–ø—Ä–æ—Å—Ç—Ä–∞–Ω—è–π—Ç–µ.
–í—Å–µ—Ö –æ–±–Ω—è–ª –∏ –ì–ù–°. –í—Å—ë –±—É–¥–µ—Ç –†–æ—Å—Å–∏—è. –Ø –≤–∞—Å –Ω–µ –±—Ä–æ—à—É

#–ü–æ—è—Å–Ω–∏—Ç–µ–ª—å–Ω–∞—è–ë—Ä–∏–≥–∞–¥–∞
@NeBrigada
–ò–¥–µ–æ–ª–æ–≥–∏—á–µ—Å–∫–∏–π –ö—Ä—É–∂–æ–∫",15,1839,4,0,0,29905730,2024-05-03 22:58:37,2024-05-03 23:00:11
34196089e02f56b20f386f515b9b136c,–†–æ—Å–ø–æ—Ç—Ä–µ–±–Ω–∞–¥–∑–æ—Ä –≤—ã—è–≤–∏–ª –Ω–µ—Å–æ–æ—Ç–≤–µ—Ç—Å—Ç–≤–∏–µ –Ω–æ—Ä–º–∞—Ç–∏–≤–æ–≤ –∫–∞—á–µ—Å—Ç–≤–∞ –≤–æ–¥—ã –≤ –ú–∞—Ö–∞—á–∫–∞–ª–µ,"–ù–µ –ø–∏—Ç—å –≤–æ–¥—É –∏–∑-–ø–æ–¥ –∫—Ä–∞–Ω–∞, –ø—Ä–æ—Å—è—Ç –∂–∏—Ç–µ–ª–µ–π –ø–æ—Å–µ–ª–∫–æ–≤ –ó–∞–≥–æ—Ä–æ–¥–Ω—ã–π, –ö—Ä–∞—Å–Ω–æ–∞—Ä–º–µ–π—Å–∫–æ–µ, –°–µ–º–µ–Ω–¥–µ—Ä, –∞ —Ç–∞–∫–∂–µ –¥–û–º–∞ –ø–æ –∞–¥—Ä–µ—Å—É –ê–∫—É—à–∏–Ω—Å–∫–æ–≥–æ, 82. –†–æ—Å–ø–æ—Ç—Ä–µ–±–Ω–∞–¥–∑–æ—Ä –ø—Ä–æ–≤–µ–ª –ª–∞–±–æ—Ä–∞—Ç–æ—Ä–Ω—ã–µ –∏—Å—Å–ª–µ–¥–æ–≤–∞–Ω–∏—è –∫–∞—á–µ—Å—Ç–≤–∞ –≤–æ–¥–æ–ø—Ä–æ–≤–æ–¥–Ω–æ–π –≤–æ–¥—ã –Ω–∞ —Ç–µ—Ä—Ä–∏—Ç–æ—Ä–∏–∏ –ú–∞—Ö–∞—á–∫–∞–ª—ã –∏ –≤—ã—è–≤–∏–ª, —á—Ç–æ –∏–º–µ–Ω–Ω–æ –Ω–∞ —ç—Ç–∏—Ö –ª–æ–∫–∞—Ü–∏—è—Ö –≤–æ–¥–∞ –Ω–µ —Å–æ–æ—Ç–≤–µ—Ç—Å—Ç–≤—É–µ—Ç —Ç—Ä–µ–±–æ–≤–∞–Ω–∏—è–º –°–∞–Ω–ü–∏–ù.",13,27,0,0,0,25094452,2024-05-03 22:56:27,2024-05-03 22:58:33
e1bf6a86f0074fccadac16da41728c11,–ú–ß–° –ø—Ä–µ–¥—É–ø—Ä–µ–∂–¥–∞–µ—Ç –æ–± —É—Ö—É–¥—à–µ–Ω–∏–∏ –ø–æ–≥–æ–¥—ã –≤ –≥–æ—Ä–Ω—ã—Ö —Ä–∞–π–æ–Ω–∞—Ö –î–∞–≥–µ—Å—Ç–∞–Ω–∞,"–†–µ–∑–∫–∞—è —Å–º–µ–Ω–∞ –ø–æ–≥–æ–¥—ã. –ú–ß–° –î–∞–≥–µ—Å—Ç–∞–Ω–∞ –ø—Ä–µ–¥—É–ø—Ä–µ–∂–¥–∞–µ—Ç –æ –≤–æ–∑–º–æ–∂–Ω–æ–º —É—Ö—É–¥—à–µ–Ω–∏–∏ –ø–æ–≥–æ–¥–Ω—ã—Ö —É—Å–ª–æ–≤–∏–π –≤ –≥–æ—Ä–Ω—ã—Ö —Ä–∞–π–æ–Ω–∞—Ö —Ä–µ—Å–ø—É–±–ª–∏–∫–∏. –û–∂–∏–¥–∞—é—Ç—Å—è —Å–∏–ª—å–Ω—ã–µ –¥–æ–∂–¥–∏ –∏ –≥—Ä–æ–∑—ã, –∫–æ—Ç–æ—Ä—ã–µ –º–æ–≥—É—Ç —Å–ø—Ä–æ–≤–æ—Ü–∏—Ä–æ–≤–∞—Ç—å –∫–∞–º–Ω–µ–ø–∞–¥—ã, –æ–±–≤–∞–ª—ã, –æ—Å—ã–ø–∏ –∏ –≤—ã–Ω–æ—Å —Å–µ–ª–µ–≤—ã—Ö –º–∞—Å—Å –Ω–∞ –ø—Ä–æ–µ–∑–∂—É—é —á–∞—Å—Ç—å.",8,31,0,0,0,25094452,2024-05-03 22:56:27,2024-05-03 22:58:33
8ea58ba0d594a6f915ff9a6e8a66bbfb,–ê–±–¥—É–ª–º—É—Å–ª–∏–º –ê–±–¥—É–ª–º—É—Å–ª–∏–º–æ–≤ –ø—Ä–æ–≤–µ–ª –ø–µ—Ä–≤–æ–µ –∑–∞—Å–µ–¥–∞–Ω–∏–µ –≠–∫—Å–ø–µ—Ä—Ç–Ω–æ–≥–æ —Å–æ–≤–µ—Ç–∞ –ø—Ä–∏ –ü—Ä–∞–≤–∏—Ç–µ–ª—å—Å—Ç–≤–µ –†–î,–ù–∞ –æ—Ç–¥—ã—Ö –≤ –î–∞–≥–µ—Å—Ç–∞–Ω. –ê—ç—Ä–æ–ø–æ—Ä—Ç –ú–∞—Ö–∞—á–∫–∞–ª—ã –æ–±—Å–ª—É–∂–∏–ª —Ä–µ–∫–æ—Ä–¥–Ω—ã–µ 2 –º–∏–ª–ª–∏–æ–Ω–∞ 800 —Ç—ã—Å—è—á –ø–∞—Å—Å–∞–∂–∏—Ä–æ–≤ –≤ 2023 –≥–æ–¥—É. –û —Å–æ—Å—Ç–æ—è–Ω–∏–∏ —Ç—É—Ä–∏—Å—Ç–∏—á–µ—Å–∫–æ–π –æ—Ç—Ä–∞—Å–ª–∏ –∏ —Ñ–æ—Ä–º–∏—Ä–æ–≤–∞–Ω–∏–∏ –∏–Ω–¥—É—Å—Ç—Ä–∏–∏ –≥–æ—Å—Ç–µ–ø—Ä–∏–∏–º—Å—Ç–≤–∞ –≥–æ–≤–æ—Ä–∏–ª–∏ –Ω–∞ –∑–∞—Å–µ–¥–∞–Ω–∏–µ –≠–∫—Å–ø–µ—Ä—Ç–Ω–æ–≥–æ —Å–æ–≤–µ—Ç–∞ –ø—Ä–∏ –ü—Ä–∞–≤–∏—Ç–µ–ª—å—Å—Ç–≤–µ –î–∞–≥–µ—Å—Ç–∞–Ω–∞. –û–Ω –ø—Ä–æ—à–µ–ª –≤–ø–µ—Ä–≤—ã–µ –ø–æ–¥ —Ä—É–∫–æ–≤–æ–¥—Å—Ç–≤–æ–º –ê–±–¥—É–ª–º—É—Å–ª–∏–º–∞ –ê–±–¥—É–ª–º—É—Å–ª–∏–º–æ–≤–∞.,4,71,0,0,0,25094452,2024-05-03 22:23:31,2024-05-03 22:55:35
403ec4ebfeb03143e18eb0977654dbd7,–î–µ–ø—É—Ç–∞—Ç—ã –ø–æ–∑–¥—Ä–∞–≤–∏–ª–∏ –≤–µ—Ç–µ—Ä–∞–Ω–∞ –ò–±—Ä–∞–≥–∏–º-–ü–∞—à—É –°–∞–¥—ã–∫–æ–≤–∞ —Å –ø—Ä–∏—Å–≤–æ–µ–Ω–∏–µ–º –∑–≤–∞–Ω–∏—è ¬´–ì–µ—Ä–æ–π –†–æ—Å—Å–∏–∏¬ª,"–ò–±—Ä–∞–≥–∏–º-–ü–∞—à—É –°–∞–¥—ã–∫–æ–≤–∞ –ø–æ–∑–¥—Ä–∞–≤–∏–ª–∏ —Å –ø—Ä–∏—Å–≤–æ–µ–Ω–∏–µ–º –∑–≤–∞–Ω–∏—è –ì–µ—Ä–æ—è –†–æ—Å—Å–∏–∏. –í–µ—Ç–µ—Ä–∞–Ω–∞ –Ω–∞–≤–µ—Å—Ç–∏–ª–∏ –¥–µ–ø—É—Ç–∞—Ç—ã –ù–∞—Ä–æ–¥–Ω–æ–≥–æ –°–æ–±—Ä–∞–Ω–∏—è, –≤ —Ç–æ–º —á–∏—Å–ª–µ –≤–∏—Ü–µ-—Å–ø–∏–∫–µ—Ä –ö–∞–º–∏–ª –î–∞–≤–¥–∏–µ–≤. –ì–µ—Ä–æ—é –†–æ—Å—Å–∏–∏ –≤—Ä—É—á–∏–ª–∏ –ø–æ–¥–∞—Ä–∫–∏, –ø–æ–∂–µ–ª–∞–ª–∏ –µ–º—É –∏ –µ–≥–æ —Ä–æ–¥–Ω—ã–º –∑–¥–æ—Ä–æ–≤—å—è –∏ –±–ª–∞–≥–æ–ø–æ–ª—É—á–∏—è.",4,48,0,0,0,25094452,2024-05-03 22:23:31,2024-05-03 22:55:35
62988006b1d13a99cae4496040d194e5,–ó–≤–∞–Ω–∏–µ –ì–µ—Ä–æ—è –†–æ—Å—Å–∏–∏ –ø—Ä–∏—Å–≤–æ–µ–Ω–æ –¥–∞–≥–µ—Å—Ç–∞–Ω—Ü—É –§–∞—Ä—Ö–∞–¥—É –•—É–¥–∞–π–Ω–∞—Ç–æ–≤—É,"–ï—â–µ –æ–¥–∏–Ω –ì–µ—Ä–æ–π –†–æ—Å—Å–∏–∏ –¥–∞–≥–µ—Å—Ç–∞–Ω–µ—Ü. –ò–º —Å—Ç–∞–ª —É—Ä–æ–∂–µ–Ω–µ—Ü –ö—É–ª–∏–Ω—Å–∫–æ–≥–æ —Ä–∞–π–æ–Ω–∞, —Å –¶—ã–π—à–∞ –§–∞—Ä—Ö–∞–¥ –•—É–¥–∞–π–Ω–∞—Ç–æ–≤. –ì–≤–∞—Ä–¥–∏–∏ –ø—Ä–∞–ø–æ—Ä—â–∏–∫ –±—ã–ª –∑–∞–º–µ—Å—Ç–∏—Ç–µ–ª–µ–º –∫–æ–º–∞–Ω–¥–∏—Ä–∞ –≥—Ä—É–ø–ø—ã —Å–ø–µ—Ü–∏–∞–ª—å–Ω–æ–≥–æ –Ω–∞–∑–Ω–∞—á–µ–Ω–∏—è. –ë–ª–∞–≥–æ–¥–∞—Ä—è —Ä–∞–±–æ—Ç–µ –µ–≥–æ —Ä–∞–∑–≤–µ–¥—ã–≤–∞—Ç–µ–ª—å–Ω–æ–π –≥—Ä—É–ø–ø—ã —É–Ω–∏—á—Ç–æ–∂–µ–Ω–æ —Å–≤—ã—à–µ —Ç—ã—Å—è—á–∏ –Ω–∞—Ü–∏–æ–Ω–∞–ª–∏—Å—Ç–æ–≤ –∏ –±–æ–ª—å—à–æ–µ –∫–æ–ª–∏—á–µ—Å—Ç–≤–æ –±–æ–µ–≤–æ–π –≤—Ä–∞–∂–µ—Å–∫–æ–π —Ç–µ—Ö–Ω–∏–∫–∏. –û–Ω –ø–æ–≥–∏–± –≤ –∑–æ–Ω–µ –°–í–û –≤ —Å–µ–Ω—Ç—è–±—Ä–µ 2023 –≥–æ–¥–∞.",9,41,0,0,0,25094452,2024-05-03 22:23:31,2024-05-03 22:55:35
bf38946d849cbb0b4ca889e61728b039,"–ü–æ–≥–∏–±, –ø—ã—Ç–∞—è—Å—å —Å–ø–∞—Å—Ç–∏ –∂–µ–Ω—â–∏–Ω—É","–¢—Ä–∞–≥–µ–¥–∏—è –ø—Ä–æ–∏–∑–æ—à–ª–∞ –≤–æ –≤—Ä–µ–º—è —Ä–µ—á–Ω–æ–π –ø—Ä–æ–≥—É–ª–∫–∏ –Ω–∞ –°—É–ª–∞–∫–µ. –í —ç—Ç–æ—Ç –º–æ–º–µ–Ω—Ç –≤ –ª–æ–¥–∫–µ –Ω–∞—Ö–æ–¥–∏–ª–∏—Å—å –ø–∞—Å—Å–∞–∂–∏—Ä—ã –±–µ–∑ —Å–ø–∞—Å–∞—Ç–µ–ª—å–Ω—ã—Ö –∂–∏–ª–µ—Ç–æ–≤. –ò–∑-–∑–∞ –æ–ø–∞—Å–Ω–æ–≥–æ –º–∞–Ω–µ–≤—Ä–∞ –∑–∞ –±–æ—Ä—Ç –º–∞–ª–æ–º–µ—Ä–Ω–æ–≥–æ —Å—É–¥–Ω–∞ –≤—ã–ø–∞–ª–∞ 43-–ª–µ—Ç–Ω—è—è –∂–∏—Ç–µ–ª—å–Ω–∏—Ü–∞ –ú–∞—Ö–∞—á–∫–∞–ª—ã. –ù–∞ –ø–æ–º–æ—â—å –µ–π –±—Ä–æ—Å–∏–ª—Å—è 56-–ª–µ—Ç–Ω–∏–π –º—É–∂—á–∏–Ω–∞. –û–∫–∞–∑–∞–ª–æ—Å—å, —á—Ç–æ —É—Å–∏–ª–∏—è–º–∏ –º–µ—Å—Ç–Ω—ã—Ö –∂–∏—Ç–µ–ª–µ–π –∂–µ–Ω—â–∏–Ω–∞ –±—ã–ª–∞ —Å–ø–∞—Å–µ–Ω–∞. –ê –≤–æ—Ç –º—É–∂—á–∏–Ω—É —Å–ø–∞—Å—Ç–∏ –Ω–µ —É–¥–∞–ª–æ—Å—å.",4,42,0,0,0,25094452,2024-05-03 22:23:31,2024-05-03 22:55:35
4832dec312c0b729382b44567e98c922,–£—Å—Ç—Ä–∞–Ω–µ–Ω–∏–µ –Ω–µ–¥–æ—Å—Ç–∞—Ç–∫–æ–≤ –≤ –¥–µ—è—Ç–µ–ª—å–Ω–æ—Å—Ç–∏ –ê–ó–° –æ–±—Å—É–¥–∏–ª–∏ –Ω–∞ –∑–∞—Å–µ–¥–∞–Ω–∏–µ –°–æ–≤–±–µ–∑–∞ –î–∞–≥–µ—Å—Ç–∞–Ω–∞,437 –∞–≤—Ç–æ–∑–∞–ø—Ä–∞–≤–æ—á–Ω—ã—Ö —Å—Ç–∞–Ω—Ü–∏–π –ø—Ä–µ–∫—Ä–∞—Ç–∏–ª–∏ —Å–≤–æ—é –¥–µ—è—Ç–µ–ª—å–Ω–æ—Å—Ç—å –≤ —Ä–µ–∑—É–ª—å—Ç–∞—Ç–µ –≤—ã—è–≤–ª–µ–Ω–Ω—ã—Ö –Ω–∞—Ä—É—à–µ–Ω–∏–π. –û–± —ç—Ç–æ–º —Å–æ–æ–±—â–∏–ª–∏ –≤ —Ö–æ–¥–µ –∑–∞—Å–µ–¥–∞–Ω–∏–∏ –°–æ–≤–±–µ–∑–∞. –ï–≥–æ –ø—Ä–æ–≤–µ–ª –°–µ—Ä–≥–µ–π –ú–µ–ª–∏–∫–æ–≤. –ü—Ä–æ–≤–µ–¥—ë–Ω–Ω—ã–π —Ä–∞–Ω–µ–µ –∞–Ω–∞–ª–∏–∑ –ø–æ–∫–∞–∑–∞–ª: –ø–æ–¥–∞–≤–ª—è—é—â–µ–µ –±–æ–ª—å—à–∏–Ω—Å—Ç–≤–æ –ê–ó–° –≤ –î–∞–≥–µ—Å—Ç–∞–Ω–µ –Ω–µ —Å–æ–æ—Ç–≤–µ—Ç—Å—Ç–≤—É–µ—Ç —Ç—Ä–µ–±–æ–≤–∞–Ω–∏—è–º –±–µ–∑–æ–ø–∞—Å–Ω–æ—Å—Ç–∏. –ú–µ–ª–∏–∫–æ–≤ —Ç–∞–∫–∂–µ —Ä–∞—Å–∫—Ä–∏—Ç–∏–∫–æ–≤–∞–ª —Ä–∞–±–æ—Ç—É –≥–ª–∞–≤—ã –î–∞—Ö–∞–¥–µ–≤—Å–∫–æ–≥–æ —Ä–∞–π–æ–Ω–∞.,3,110,0,0,0,25094452,2024-05-03 22:23:31,2024-05-03 22:55:35
f04c82ce71c8b974bc88e9181e3011fc,–í–µ—Ç–µ—Ä–∞–Ω –í–µ–ª–∏–∫–æ–π –û—Ç–µ—á–µ—Å—Ç–≤–µ–Ω–Ω–æ–π –∑–¥–æ—Ä–æ–≤ –∏ –±–æ–¥—Ä –≤ 98 –ª–µ—Ç,"‚≠ïÔ∏è–ü–æ–¥–ø–∏—à–∏—Ç–µ—Å—å –Ω–∞ –∫–∞–Ω–∞–ª 360: https://rutube.ru/channel/23501555/

–ü–æ—Ö–≤–∞—Å—Ç–∞—Ç—å—Å—è —Ç–∞–∫–æ–π —Ñ–∏–∑–∏—á–µ—Å–∫–æ–π —Ñ–æ—Ä–º–æ–π –º–æ–∂–µ—Ç –Ω–µ –∫–∞–∂–¥—ã–π, –æ—Å–æ–±–µ–Ω–Ω–æ –≤ 98 –ª–µ—Ç. –í–µ—Ç–µ—Ä–∞–Ω –í–µ–ª–∏–∫–æ–π –û—Ç–µ—á–µ—Å—Ç–≤–µ–Ω–Ω–æ–π –≤–æ–π–Ω—ã –ê–Ω–∞—Ç–æ–ª–∏–π –ì—Ä–∏–≥–æ—Ä—å–µ–≤–∏—á –ö–ª—é—à–∫–∏–Ω –∂–∏–≤—ë—Ç –ø–æ —Å—Ç—Ä–æ–≥–æ–º—É —Ä–∞—Å–ø–æ—Ä—è–¥–∫—É –¥–Ω—è. –ü–æ–¥—ä—ë–º –≤ —à–µ—Å—Ç—å —É—Ç—Ä–∞, –∑–∞—Ä—è–¥–∫–∞ —Å –≥–∞–Ω—Ç–µ–ª—è–º–∏, –æ—Ç–∂–∏–º–∞–Ω–∏—è –∏ –ø—Ä–∏—Å–µ–¥–∞–Ω–∏—è. –í 9 ‚Äì –≤—Ç–æ—Ä–æ–π –∑–∞–≤—Ç—Ä–∞–∫. –ó–∞—Ç–µ–º –ø—Ä–æ–≥—É–ª–∫–∞. –õ–µ—Ç–æ–º –Ω–∞ —É–ª–∏—Ü–µ ‚Äì –∑–∏–º–æ–π –ø–æ –ª–æ–¥–∂–∏–∏. –ó–∞ –ø–ª–µ—á–∞–º–∏ —É –ê–Ω–∞—Ç–æ–ª–∏—è –≤—Å—è –í–µ–ª–∏–∫–∞—è –û—Ç–µ—á–µ—Å—Ç–≤–µ–Ω–Ω–∞—è. –û–Ω —Ä–æ–¥–∏–ª—Å—è 5 –æ–∫—Ç—è–±—Ä—è 1925 –≥–æ–¥–∞ –≤ —Å–µ–ª–µ –ú–∞—Ä–∫–æ–≤–æ –í–ª–∞–¥–∏–º–∏—Ä—Å–∫–æ–π –æ–±–ª–∞—Å—Ç–∏. –ù–∞ –º–æ–º–µ–Ω—Ç –Ω–∞—á–∞–ª–∞ –≤–æ–π–Ω—ã –µ–º—É –±—ã–ª–æ 15 –ª–µ—Ç. –í—Å–µ –ø–æ–¥—Ä–æ–±–Ω–æ—Å—Ç–∏ –≤ –Ω–∞—à–µ–º –º–∞—Ç–µ—Ä–∏–∞–ª–µ. 

#–¢–µ–ª–µ–∫–∞–Ω–∞–ª360 #–í–µ–ª–∏–∫–∞—è–æ—Ç–µ—á–µ—Å—Ç–≤–µ–Ω–Ω–∞—è–≤–æ–π–Ω–∞ #–∏—Å—Ç–æ—Ä–∏—è—Å—Ñ—Ä–æ–Ω—Ç–∞ #98–ª–µ—Ç #9–º–∞—è #–¥–µ–Ω—å–ø–æ–±–µ–¥—ã #–≤–µ–ª–∏–∫–∞—è–ø–æ–±–µ–¥–∞ #–Ω–æ–≤–æ—Å—Ç–∏–ø–æ–¥–º–æ—Å–∫–æ–≤—å—è #–æ—Ä–µ—Ö–æ–≤–æ–∑—É–µ–≤–æ #–ø–æ–¥–º–æ—Å–∫–æ–≤—å–µ #360 #–ú–∞—Ä—å—è–Ω–∞–Ω–∞–±–∏ #–º–∞–∫—Å–∏–º–±–∞–±–µ–Ω—ã—à–µ–≤ #–Ω–∞—Ñ—Ä–æ–Ω—Ç–≤15–ª–µ—Ç #–∑–æ–∂–≤98

‚≠ïÔ∏è–ü–æ–¥–ø–∏—Å—ã–≤–∞–π—Ç–µ—Å—å –Ω–∞ –Ω–∞—à–∏ –¥—Ä—É–≥–∏–µ —Å–æ—Ü—Å–µ—Ç–∏!",39,430,1,0,0,23501555,2024-05-03 22:54:49,2024-05-03 22:55:17
68808840f6ba3f616885c57dd99de2a5,"–°–æ–≤–µ—â–∞–Ω–∏–µ –ø–æ —ç–∫–æ–Ω–æ–º–∏—á–µ—Å–∫–∏–º –≤–æ–ø—Ä–æ—Å–∞–º / –õ—É–∫–∞—à–µ–Ω–∫–æ –≤ –ø—É–Ω–∫—Ç–µ –í–í–° –∏ –≤–æ–π—Å–∫ –ü–í–û / –ê–∫—Ü–∏—è ""–û–≥–æ–Ω—å –ø–∞–º—è—Ç–∏""","*–ì–ª–∞–≤–Ω–æ–µ –Ω–∞ 3 –º–∞—è 21:00*

–ó–∞–∫–∞–¥—Ä–æ–≤—ã–π —Ç–µ–∫—Å—Ç –æ–∑–≤—É—á–∏–≤–∞–µ—Ç *–ò–ò –§–∏–ª–∏–ø–ø*

- –í–ª–∞–¥–∏–º–∏—Ä –ü—É—Ç–∏–Ω –ø—Ä–æ–≤–µ–ª —Å–æ–≤–µ—â–∞–Ω–∏–µ –ø–æ —ç–∫–æ–Ω–æ–º–∏—á–µ—Å–∫–∏–º –≤–æ–ø—Ä–æ—Å–∞–º.
- –ê–ª–µ–∫—Å–∞–Ω–¥—Ä –õ—É–∫–∞—à–µ–Ω–∫–æ –ø—Ä–æ–≤—ë–ª —Ä–∞–±–æ—Ç—É –¥–µ–∂—É—Ä–Ω—ã—Ö —Å–∏–ª –í–í–° –∏ –≤–æ–π—Å–∫ –ü–í–û.
- –í —Å—Ç–æ–ª–∏—Ü–µ –ì–µ—Ä–º–∞–Ω–∏–∏ –≤—Å–ø—ã—Ö–Ω—É–ª –æ–±–æ—Ä–æ–Ω–Ω—ã–π –∑–∞–≤–æ–¥, –ø–æ—Å—Ç–∞–≤–ª—è—é—â–∏–π —Ç–µ—Ö–Ω–∏–∫—É –¥–ª—è –í–°–£.
- –ù–∞—Ä–æ–¥–Ω—ã–π —Ñ—Ä–æ–Ω—Ç –¥–∞–ª —Å—Ç–∞—Ä—Ç –º–µ–∂–¥—É–Ω–∞—Ä–æ–¥–Ω–æ–π –ø–∞—Ç—Ä–∏–æ—Ç–∏—á–µ—Å–∫–æ–π –∞–∫—Ü–∏–∏ —É –ú–æ–≥–∏–ª—ã –ù–µ–∏–∑–≤–µ—Å—Ç–Ω–æ–≥–æ –°–æ–ª–¥–∞—Ç–∞ –≤ –ú–æ—Å–∫–≤–µ.
- –ó–∏–º–∞ –≤–µ—Ä–Ω—É–ª–∞—Å—å –≤ —Ä–µ–≥–∏–æ–Ω—ã –ü–æ–≤–æ–ª–∂—å—è.
- –ü–æ—Ö–æ–ª–æ–¥–∞–Ω–∏–µ –≤–Ω–æ–≤—å –≤–µ—Ä–Ω—ë—Ç—Å—è –≤ –ú–æ—Å–∫–≤—É.
–°–º–æ—Ç—Ä–∏—Ç–µ –≥–ª–∞–≤–Ω—ã–µ –Ω–æ–≤–æ—Å—Ç–∏ –°–æ—é–∑–Ω–æ–≥–æ –≥–æ—Å—É–¥–∞—Ä—Å—Ç–≤–∞ –Ω–∞ —Ç–µ–ª–µ–∫–∞–Ω–∞–ª–µ –ë–µ–ª–†–æ—Å.

–°—Å—ã–ª–∫–∏ –Ω–∞ –Ω–∞—à–∏ —Å–æ—Ü. —Å–µ—Ç–∏
–°–∞–π—Ç: http://belros.tv/
Telegram: https://t.me/belrostv
–û–¥–Ω–æ–∫–ª–∞—Å—Å–Ω–∏–∫–∏: https://ok.ru/group/55657426976918
–í–ö–æ–Ω—Ç–∞–∫—Ç–µ: https://vk.com/belrostv
TikTok: https://www.tiktok.com/@belros_tv?_t=...
RuTube: https://rutube.ru/channel/23501830/
–Ø–Ω–¥–µ–∫—Å. –î–∑–µ–Ω: https://zen.yandex.ru/belrostvv
–ù–∞—à–∏ –ø–æ–¥–∫–∞—Å—Ç—ã –Ω–∞ –Ø–Ω–¥–µ–∫—Å. –ú—É–∑—ã–∫–µ: https://music.yandex.ru/album/25615251

#–°–æ—é–∑–Ω–æ–µ–ì–æ—Å—É–¥–∞—Ä—Å—Ç–≤–æ #–≥–ª–∞–≤–Ω—ã–µ–Ω–æ–≤–æ—Å—Ç–∏ #–Ω–æ–≤–æ—Å—Ç–∏—Å–µ–≥–æ–¥–Ω—è",7,313,0,0,0,23501830,2024-05-03 22:24:29,2024-05-03 22:54:57
d30669f4b5cfb0ee1d9627e2aefc5640,"–û—Ç–∑—ã–≤ –ø–µ—Ä—Å–æ–Ω–∞–ª—å–Ω—ã—Ö –¥–∞–Ω–Ω—ã—Ö, –ª–∏—Ç–µ—Ä–∞—Ç—É—Ä–Ω—ã–µ —Ç—Ä–µ–Ω–¥—ã, —Ä–µ–µ—Å—Ç—Ä –∏–Ω—Ñ–æ—Ü—ã–≥–∞–Ω","–õ–î–ü–† –ø—Ä–µ–¥–ª–∞–≥–∞–µ—Ç –¥–∞—Ç—å –≥—Ä–∞–∂–¥–∞–Ω–∞–º –≤–æ–∑–º–æ–∂–Ω–æ—Å—Ç—å –±—ã—Å—Ç—Ä–æ –∏ –ª–µ–≥–∫–æ –æ—Ç–∑—ã–≤–∞—Ç—å —Å–æ–≥–ª–∞—Å–∏—è –Ω–∞ –æ–±—Ä–∞–±–æ—Ç–∫—É –ø–µ—Ä—Å–æ–Ω–∞–ª—å–Ω—ã—Ö –¥–∞–Ω–Ω—ã—Ö. –í –†–æ—Å—Å–∏–∏ —Ä–∞—Å—Ç–µ—Ç –ø–æ–ø—É–ª—è—Ä–Ω–æ—Å—Ç—å –∞–∑–∏–∞—Ç—Å–∫–æ–π –ª–∏—Ç–µ—Ä–∞—Ç—É—Ä—ã ‚Äî –∞ –ò–≥–æ—Ä—å, –î–∏–∞–Ω–∞ –∏ –ü–∞—à–∞ –æ–±—Å—É–∂–¥–∞—é—Ç —Å–≤–æ–∏ –ª—é–±–∏–º—ã–µ –∫–Ω–∏–≥–∏ –∏ —Ç–æ, –∫–∞–∫ –∏—Ö –ª—É—á—à–µ —á–∏—Ç–∞—Ç—å. –ë–ª–æ–≥–µ—Ä–æ–≤ –∏ –∞–≤—Ç–æ—Ä–æ–≤ –º–∞—Ä–∞—Ñ–æ–Ω–æ–≤ —Ö–æ—Ç—è—Ç –≤–≤–µ—Å—Ç–∏ –≤ –ø—Ä–∞–≤–æ–≤–æ–µ –ø–æ–ª–µ, –∑–∞—Å—Ç–∞–≤–∏–≤ –∏–Ω—Ñ–æ—Ä–º–∏—Ä–æ–≤–∞—Ç—å –æ —Ç–æ–º, —á—Ç–æ –∏—Ö –∫—É—Ä—Å—ã –º–æ–≥—É—Ç –Ω–∏—á–µ–º—É –Ω–µ –Ω–∞—É—á–∏—Ç—å. –í—Å–µ —ç—Ç–æ ‚Äî –∫–∞–∫ –≤—Å–µ–≥–¥–∞ ‚Äî –∫–æ—Å–Ω–µ—Ç—Å—è –∫–∞–∂–¥–æ–≥–æ.

–ö—É–ø–∏—Ç—å ONYX BOOX Faraday –∏ –¥—Ä—É–≥–∏–µ —ç–ª–µ–∫—Ç—Ä–æ–Ω–Ω—ã–µ –∫–Ω–∏–≥–∏ –æ—Ç ONYX BOOX —Å–æ —Å–∫–∏–¥–∫–æ–π 5% –ø–æ –ø—Ä–æ–º–æ–∫–æ–¥—É ¬´friend¬ª: https://onyxboox.ru/e-books/faraday

–í–µ–¥—É—â–∏–µ ‚Äî –ò–≥–æ—Ä—å –®–µ—Å—Ç–∞—á–µ–Ω–∫–æ, –î–∏–∞–Ω–∞ –î–∞—Å–∫–∞–ª–∏—Ü–∞, –ü–∞–≤–µ–ª –ú–∏—à–∞—á–µ–Ω–∫–æ;
–†–µ–¥–∞–∫—Ç–æ—Ä ‚Äî –ê–ª–∏–Ω–∞ –ò—Å–∞–µ–≤–∞;
–ú–æ—É—à–µ–Ω-–¥–∏–∑–∞–π–Ω ‚Äî –ë—É–ª–∞—Ç –ì–∞–±—Å–∞—Ç–∞—Ä–æ–≤;
–ú–æ–Ω—Ç–∞–∂¬†‚Äî –ê–Ω–∞—Å—Ç–∞—Å–∏—è –ü–µ—á–µ—Ä—Å–∫–∞—è;
–ü—Ä–æ–¥—é—Å–µ—Ä ‚Äî –Æ–ª—è –ö—É–ø–µ—Ä.

–†–µ–∫–ª–∞–º–∞
–û–û–û ""–ú–ö-–¶–ï–ù–¢–†""
–ò–ù–ù 7709480342
LjN8KMmF9",2,3606,0,0,0,30535613,2024-05-03 19:44:08,2024-05-03 22:54:27
f8fef3965f0c3a6b628626845e115834,–ú–æ–∑–≥ –∂–µ–Ω—ã –º–∏–Ω–∏—Å—Ç—Ä–∞ –ë–∏—à–∏–º–±–∞–µ–≤–∞ ‚Äì –∫–∞–∑–∞—Ö—Å–∫–∏–π —Ç–æ–ø-—á–∏–Ω–æ–≤–Ω–∏–∫ –ø—Ä–æ–±–∏–ª –≥–æ–ª–æ–≤—É —Å–≤–æ–µ–π –∂–µ–Ω—â–∏–Ω—ã –∏–∑ —Ä–µ–≤–Ω–æ—Å—Ç–∏,"‚≠ïÔ∏è–ü–æ–¥–ø–∏—à–∏—Ç–µ—Å—å –Ω–∞ –∫–∞–Ω–∞–ª 360: https://rutube.ru/channel/23501555/

–≠–∫—Å-–º–∏–Ω–∏—Å—Ç—Ä —ç–∫–æ–Ω–æ–º–∏–∫–∏ –ö–∞–∑–∞—Ö—Å—Ç–∞–Ω–∞ –ö—É–∞–Ω–¥—ã–∫ –ë–∏—à–∏–º–±–∞–µ–≤ –ø—Ä–∏—Ä–µ–≤–Ω–æ–≤–∞–ª —Å–≤–æ—é –∂–µ–Ω—É –°–∞–ª—Ç–∞–Ω–∞—Ç –ù—É–∫–µ–Ω–æ–≤—É –∫ –î–∏–º–µ –ë–∏–ª–∞–Ω—É –≤–æ –≤—Ä–µ–º—è –∫–æ–Ω—Ü–µ—Ä—Ç–∞. –ü–æ—Å–ª–µ —á–µ–≥–æ –æ—Ç–≤–µ–∑ –µ–µ –≤ —Ä–µ—Å—Ç–æ—Ä–∞–Ω (–ø—Ä–∏–Ω–∞–¥–ª–µ–∂–∞—â–∏–π —Å–æ–±—Å—Ç–≤–µ–Ω–Ω–æ–º—É –±—Ä–∞—Ç—É), –≤—ã–≥–Ω–∞–ª –ø–æ—Å–µ—Ç–∏—Ç–µ–ª–µ–π –∏ –æ—Ñ–∏—Ü–∏–∞–Ω—Ç–æ–≤. –ë–∏—à–∏–º–±–∞–µ–≤ –º–Ω–æ–≥–æ —á–∞—Å–æ–≤ –∏—Å—Ç—è–∑–∞–ª –°—É–ª—Ç–∞–Ω–∞—Ç, —Å–Ω–∏–º–∞—è –≤—Å–µ –ø—Ä–æ–∏—Å—Ö–æ–¥—è—â–µ–µ –Ω–∞ —Ç–µ–ª–µ—Ñ–æ–Ω. –ò –ª–∏—à—å –ø–æ–¥ —É—Ç—Ä–æ –æ–±–Ω–∞—Ä—É–∂–∏–ª, —á—Ç–æ –∑–∞–±–∏–ª –µ–µ –¥–æ —Å–º–µ—Ä—Ç–∏. –ê—Ä–µ—Å—Ç–æ–≤–∞–ª–∏ –µ–≥–æ –≤ —Ç–æ—Ç –∂–µ –¥–µ–Ω—å, –∑–∞ –≥—Ä–æ–º–∫–∏–º —Å—É–¥–µ–±–Ω—ã–º –ø—Ä–æ—Ü–µ—Å—Å–æ–º —Å–ª–µ–¥–∏—Ç –≤–µ—Å—å –ö–∞–∑–∞—Ö—Å—Ç–∞–Ω, —Ç—Ä–∞–Ω—Å–ª—è—Ü–∏—è –∏–∑ –∑–∞–ª–∞ —Å—É–¥–∞ –∏–¥–µ—Ç –≤ —Å—Ç—Ä–∏–º–∏–Ω–≥–æ–≤—ã—Ö –ø–ª–∞—Ç—Ñ–æ—Ä–º–∞—Ö –∏ –≤ —Å–æ—Ü—Å–µ—Ç—è—Ö. –í–æ –≤—Ä–µ–º—è –ø—Ä–µ–Ω–∏—è —Å—Ç–æ—Ä–æ–Ω –ø—Ä–æ–∫—É—Ä–æ—Ä —Å–¥–µ–ª–∞–ª–∞ –Ω–µ–æ–∂–∏–¥–∞–Ω–Ω–æ —ç—Ñ—Ñ–µ–∫—Ç–Ω—ã–π —Ö–æ–¥ ‚Äì –ø–æ–∫–∞–∑–∞–ª–∞ —Å–æ–±—Ä–∞–≤—à–∏–º—Å—è –∫—Ä–æ–≤—å, –∫–æ—Ç–æ—Ä–∞—è –∑–∞–ª–∏–ª–∞ –º–æ–∑–≥ –°–∞–ª—Ç–∞–Ω–∞—Ç –ø–æ—Å–ª–µ —Ä–∞—Å–ø—Ä–∞–≤—ã. 

#–¢–µ–ª–µ–∫–∞–Ω–∞–ª360 #–∫—É–∞–Ω–¥—ã–∫–±–∏—à–∏–º–±–∞–µ–≤ #–º–∏–Ω–∏—Å—Ç—Ä #–∫–∞–∑–∞—Ö—Å—Ç–∞–Ω #—Å–∞–ª—Ç–∞–Ω–∞—Ç–Ω—É–∫–µ–Ω–æ–≤–∞ #–∏–∑–±–∏–µ–Ω–∏–µ #–ø—Ä–æ–∏—Å—à–µ—Å—Ç–≤–∏–µ #–∫—Ä–∏–º–∏–Ω–∞–ª #—á–∏–Ω–æ–≤–Ω–∏–∫ #—ç–∫–æ–Ω–æ–º–∏–∫–∞ #–∂–µ–Ω–∞ #–∫—Ä–æ–≤—å #–≥–µ–æ—Ä–≥–∏–π–±–µ–ª–µ—Ü–∫–∏–π #—à—Ä–∏–≥–∞–¥–∞

‚≠ïÔ∏è–ü–æ–¥–ø–∏—Å—ã–≤–∞–π—Ç–µ—Å—å –Ω–∞ –Ω–∞—à–∏ –¥—Ä—É–≥–∏–µ —Å–æ—Ü—Å–µ—Ç–∏!",84,170,5,2,1,23501555,2024-05-03 22:49:14,2024-05-03 22:49:56
b06aba88b70c5d442e923abd35ed9e6e,–ü–µ—Ä–µ–∑–∞—Ö–æ—Ä–æ–Ω–µ–Ω—ã –æ—Å—Ç–∞–Ω–∫–∏ 261 –∑–∞—â–∏—Ç–Ω–∏–∫–∞ –°–µ–≤–∞—Å—Ç–æ–ø–æ–ª—è,"–ù–∞ –ú–µ–º–æ—Ä–∏–∞–ª—å–Ω–æ–º –∫–ª–∞–¥–±–∏—â–µ —Å–æ–≤–µ—Ç—Å–∫–∏—Ö –≤–æ–∏–Ω–æ–≤ –≤ –ø–æ—Å—ë–ª–∫–µ –î–µ—Ä–≥–∞—á–∏ —Å –ø–æ—á–µ—Å—Ç—è–º–∏ –∑–∞—Ö–æ—Ä–æ–Ω–∏–ª–∏ –æ—Å—Ç–∞–Ω–∫–∏ 261 –±–æ–π—Ü–∞ ‚Äì –∑–∞—â–∏—Ç–Ω–∏–∫–æ–≤ –∏ –æ—Å–≤–æ–±–æ–¥–∏—Ç–µ–ª–µ–π –°–µ–≤–∞—Å—Ç–æ–ø–æ–ª—è. –ò—Ö –ø–æ–¥–Ω—è–ª–∏ –ø–æ–∏—Å–∫–æ–≤—ã–µ –æ—Ç—Ä—è–¥—ã –∏–∑ –Ω–∞—à–µ–≥–æ –≥–æ—Ä–æ–¥–∞, –∞ —Ç–∞–∫–∂–µ –ö—Ä—ã–º–∞, –ú–æ—Å–∫–≤—ã, –ö–æ–ª–æ–º–Ω—ã, –ê—Ä—Ö–∞–Ω–≥–µ–ª—å—Å–∫–∞, –ö—Ä–∞—Å–Ω–æ–¥–∞—Ä—Å–∫–æ–≥–æ –∫—Ä–∞—è, –†–µ—Å–ø—É–±–ª–∏–∫–∏ –î–∞–≥–µ—Å—Ç–∞–Ω –∏ –•–∞–Ω—Ç—ã-–ú–∞–Ω—Å–∏–π—Å–∫–æ–≥–æ –∞–≤—Ç–æ–Ω–æ–º–Ω–æ–≥–æ –æ–∫—Ä—É–≥–∞.

–ß–∏—Ç–∞–π—Ç–µ –Ω–∞—à–∏ –Ω–æ–≤–æ—Å—Ç–∏ –≤ Telegram https://t.me/sevindex, –∞ —Ç–∞–∫–∂–µ –Ω–∞ –æ—Ñ–∏—Ü–∏–∞–ª—å–Ω–æ–º —Å–∞–π—Ç–µ https://sev.tv",19,348,0,0,0,9873455,2024-05-03 22:32:08,2024-05-03 22:44:22
969839b4ac5660d7ef98e678d72f1a88,–ï—â–µ –æ–¥–∏–Ω –ø—Ä–∏–º–µ—Ä –≤—ã—Å–æ–∫–æ–≥–æ —É—Ä–æ–≤–Ω—è –º–∞—Å—Ç–µ—Ä—Å—Ç–≤–∞ —Å—Ç—Ä–µ–ª—å–±—ã –∏–∑ —Å—Ç—Ä–µ–ª–∫–æ–≤–æ–≥–æ –æ—Ä—É–∂–∏—è –≤ –±–æ—Ä—å–±–µ —Å –¥—Ä–æ–Ω–∞–º–∏ –ø—Ä–æ—Ç–∏–≤–Ω,,52,27,4,0,1,27879365,2024-05-03 22:44:15,2024-05-03 22:44:15
d07826d07832d3503c263827251bee19,"‚ÄºÔ∏èüá∑üá∫üí• –ë–∏—Ç–≤–∞ –∑–∞ –ß–∞—Å–æ–≤ –Ø—Ä: 200-—è –±—Ä–∏–≥–∞–¥–∞ —É–Ω–∏—á—Ç–æ–∂–∞–µ—Ç —Ç–∞–Ω–∫–∏ –∏ —Ç–µ—Ö–Ω–∏–∫—É –≤—Ä–∞–≥–∞, –Ω–∞—Å—Ç—É–ø–∞—è —Å —Ñ–ª–∞–Ω–≥–∞",,56,57,2,0,1,27879365,2024-05-03 22:42:19,2024-05-03 22:42:19
dcd55956d0499713a1948fd8dc42a198,"‚ÄºÔ∏èüá∑üá∫üí• –ë–∏—Ç–≤–∞ –∑–∞ –ß–∞—Å–æ–≤ –Ø—Ä: 200-—è –±—Ä–∏–≥–∞–¥–∞ —É–Ω–∏—á—Ç–æ–∂–∞–µ—Ç —Ç–∞–Ω–∫–∏ –∏ —Ç–µ—Ö–Ω–∏–∫—É –≤—Ä–∞–≥–∞, –Ω–∞—Å—Ç—É–ø–∞—è —Å —Ñ–ª–∞–Ω–≥–∞","‚ÄºÔ∏èüá∑üá∫üí• –ë–∏—Ç–≤–∞ –∑–∞ –ß–∞—Å–æ–≤ –Ø—Ä: 200-—è –±—Ä–∏–≥–∞–¥–∞ —É–Ω–∏—á—Ç–æ–∂–∞–µ—Ç —Ç–∞–Ω–∫–∏ –∏ —Ç–µ—Ö–Ω–∏–∫—É –≤—Ä–∞–≥–∞, –Ω–∞—Å—Ç—É–ø–∞—è —Å —Ñ–ª–∞–Ω–≥–∞

‚ñ™Ô∏è–û—Ç–¥–µ–ª—å–Ω–∞—è –≥–≤–∞—Ä–¥–µ–π—Å–∫–∞—è –±—Ä–∏–≥–∞–¥–∞ –õ–µ–Ω–í–û —É–¥–∞—Ä–∞–º–∏ –±–∞—Ä—Ä–∞–∂–∏—Ä—É—é—â–∏—Ö –±–æ–µ–ø—Ä–∏–ø–∞—Å–æ–≤ –∏ FPV-–¥—Ä–æ–Ω–æ–≤ –≤—ã–≤–æ–¥–∏—Ç –∏–∑ —Å—Ç—Ä–æ—è —Ç–µ—Ö–Ω–∏–∫—É –í–°–£: 
‚ñ™Ô∏è–ù–∞ –ø–µ—Ä–≤–æ–º –≤–∏–¥–µ–æ –ø—Ä—è–º–æ–µ –ø–æ–ø–∞–¥–∞–Ω–∏–µ –ø–æ —Ç–∞–Ω–∫—É.",57,79,2,0,1,27879365,2024-05-03 22:40:38,2024-05-03 22:40:38
2f23a420cfe0e21086d61f92950e794b,–Ω–∞—à–∏ –ø–∞—Ä–Ω–∏  –∑–∞–≥–Ω–∞–ª–∏ –í–°–£ –≤ –ª–æ–≤—É—à–∫—É.,"–Ω–∞—à–∏ –ø–∞—Ä–Ω–∏  –∑–∞–≥–Ω–∞–ª–∏ –í–°–£ –≤ –ª–æ–≤—É—à–∫—É. 
https://t.me/HersonVestnik",24,71,0,0,0,33560785,2024-05-03 22:38:02,2024-05-03 22:38:59
57bf92dca609e58535b13698557b5bd9,–ú–∞—Ä–∏—è –ó–∞—Ö–∞—Ä–æ–≤–∞: –ê—Ä–º–µ–Ω–∏—è –æ—Ñ–∏—Ü–∏–∞–ª—å–Ω–æ –Ω–µ –≤—ã—Ö–æ–¥–∏–ª–∞ –∏–∑ –û–î–ö–ë,"#–ó–∞—Ö–∞—Ä–æ–≤–∞ #–ê—Ä–º–µ–Ω–∏—è #–û–î–ö–ë

–í–∏–¥–µ–æ - –ú–ò–î –†–æ—Å—Å–∏–∏

–î–∏–ø–ª–æ–º–∞—Ç.–†—É - https://www.diplomatru.ru/
–î–∑–µ–Ω- https://zen.yandex.ru/diplomatrutube
–í–ö - https://vk.com/diplomatru
–¢–µ–ª–µ–≥—Ä–∞–º - https://t.me/s/borvag 
–†—É—Ç—É–±–µ - https://rutube.ru/channel/24232558/

–ë—Ä–∏—Ñ–∏–Ω–≥ –æ—Ñ–∏—Ü–∏–∞–ª—å–Ω–æ–≥–æ –ø—Ä–µ–¥—Å—Ç–∞–≤–∏—Ç–µ–ª—è –ú–ò–î –†–æ—Å—Å–∏–∏ –ú–∞—Ä–∏–∏ –ó–∞—Ö–∞—Ä–æ–≤–æ–π.",14,126,0,0,0,24232558,2024-05-03 22:38:15,2024-05-03 22:38:45
de51ff0ed19dcc6f88e8a7d74f69af92,"–ù–æ–≤–æ—Å—Ç–∏ –£–∫—Ä–∞–∏–Ω—ã: —Å–≤–æ–¥–∫–∞ –°–í–û –Ω–∞ 3 –º–∞—è. –ë–æ–∏ –∏ —à—Ç—É—Ä–º—ã –í–° –†–§ –Ω–∞ —É—á–∞—Å—Ç–∫–∞—Ö —Ñ—Ä–æ–Ω—Ç–∞, –∫–∞—Ä—Ç–∞ –±–æ–µ–≤.","–ù–æ–≤–æ—Å—Ç–∏ –£–∫—Ä–∞–∏–Ω—ã: —Å–≤–æ–¥–∫–∞ –°–í–û –Ω–∞ 3 –º–∞—è. –ë–æ–∏ –∏ —à—Ç—É—Ä–º—ã –í–° –†–§ –Ω–∞ —É—á–∞—Å—Ç–∫–∞—Ö —Ñ—Ä–æ–Ω—Ç–∞, –∫–∞—Ä—Ç–∞ –±–æ–µ–≤.

–í–° –†–§ –ø—Ä–æ–¥–∞–≤–∏–ª–∏ –æ–±–æ—Ä–æ–Ω—É –í–°–£ —é–∂–Ω–µ–µ –º–∏–∫—Ä–æ—Ä–∞–π–æ–Ω–∞ ¬´–ö–∞–Ω–∞–ª¬ª –≤ –ß–∞—Å–æ–≤ –Ø—Ä–µ
–∞–∫—Ç—É–∞–ª—å–Ω–∞—è –∫–∞—Ä—Ç–∞ –±–æ–µ–≤—ã—Ö –¥–µ–π—Å—Ç–≤–∏–π, —Å–≤–æ–¥–∫–∞ –±–æ–µ–≤—ã—Ö –¥–µ–π—Å—Ç–≤–∏–π –Ω–∞ 3 –º–∞—è 2024 –≥–æ–¥–∞ ‚Äî –≤ –Ω–∞—à–µ–º –º–∞—Ç–µ—Ä–∏–∞–ª–µ.
–ì–ª–∞–≤–Ω—ã–µ –Ω–æ–≤–æ—Å—Ç–∏ –°–í–û, —Ñ—Ä–æ–Ω—Ç–æ–≤–∞—è —Å–≤–æ–¥–∫–∞,
–í–° –†–§ —É—Å–ø–µ—à–Ω–æ –ø—Ä–æ–¥–≤–∏–≥–∞—é—Ç—Å—è —Å–µ–≤–µ—Ä–æ-–∑–∞–ø–∞–¥–Ω–µ–µ –ê–≤–¥–µ–µ–≤–∫–∏, –∫–∞—Ä—Ç–∞ –±–æ–µ–≤—ã—Ö –¥–µ–π—Å—Ç–≤–∏–π
–í–°–£ –î–æ–Ω–µ—Ü–∫–∏–π —Ñ—Ä–æ–Ω—Ç —É–∂–µ –Ω–µ —É–¥–µ—Ä–∂–∞—Ç—å, –∫–∞—Ä—Ç–∞ –±–æ–µ–≤—ã—Ö –¥–µ–π—Å—Ç–≤–∏–π
–í–°–£ –æ—Ç—Å—Ç—É–ø–∞—é—Ç –∑–∞ –ê–≤–¥–µ–µ–≤–∫–æ–π —Ç–µ—Ä—è—è –∫–æ–Ω—Ç—Ä–æ–ª—å –Ω–∞–¥ —Å–µ–ª–∞–º–∏, –∫–∞—Ä—Ç–∞ –±–æ–µ–≤—ã—Ö –¥–µ–π—Å—Ç–≤–∏–π
–í–° –†–§ –æ—Å–≤–æ–±–æ–¥–∏–ª–∏ –°–æ–ª–æ–≤—å–µ–≤–æ –ø–æ–¥ –ê–≤–¥–µ–µ–≤–∫–æ–π, –∫–∞—Ä—Ç–∞ –±–æ–µ–≤—ã—Ö –¥–µ–π—Å—Ç–≤–∏–π
–ù–æ–≤–æ—Å—Ç–∏ –ê–≤–¥–µ–µ–≤—Å–∫–æ–≥–æ —Ñ—Ä–æ–Ω—Ç–∞.
–ì–ª–∞–≤–Ω—ã–µ –Ω–æ–≤–æ—Å—Ç–∏ –°–í–û, —Ñ—Ä–æ–Ω—Ç–æ–≤–∞—è —Å–≤–æ–¥–∫–∞, –∞–∫—Ç—É–∞–ª—å–Ω–∞—è –∫–∞—Ä—Ç–∞ –±–æ–µ–≤—ã—Ö –¥–µ–π—Å—Ç–≤–∏–π, —Å–≤–æ–¥–∫–∞ –±–æ–µ–≤—ã—Ö –¥–µ–π—Å—Ç–≤–∏–π –Ω–∞ 1 –º–∞—è 2024 –≥–æ–¥–∞ ‚Äî –≤ –Ω–∞—à–µ–º —Ä–æ–ª–∏–∫–µ.
–í–° –†–§ –ø—Ä–æ—Ä–≤–∞–ª–∏—Å—å –≤ –ù–µ—Ç–∞–π–ª–æ–≤–æ –Ω–∞ —é–≥–µ –æ—Ç –ê–≤–¥–µ–µ–≤–∫–∏
–û–±—Å—Ç–∞–Ω–æ–≤–∫–∞ –≤ –∑–æ–Ω–µ –°–í–û –∏ –∫–∞—Ä—Ç–∞ –±–æ–µ–≤—ã—Ö –¥–µ–π—Å—Ç–≤–∏–π –Ω–∞ –£–∫—Ä–∞–∏–Ω–µ —Å–µ–≥–æ–¥–Ω—è 1 –º–∞—è 2024 –≥–æ–¥–∞:

–ú—ã –Ω–∞ –î–∑–µ–Ω: https://dzen.ru/id/6614665f119706162bafe5d5?share_to=link

–ú—ã –Ω–∞ RUTUBE:
https://rutube.ru/channel/28248510/

–ö–∞–Ω–∞–ª –Ω—É–∂–¥–∞–µ—Ç—Å—è –≤ –≤–∞—à–µ–π –ø–æ–¥–¥–µ—Ä–∂–∫–µ. –ö—Ç–æ —Ö–æ—á–µ—Ç –ø–æ–º–æ—á—å –∫–∞–Ω–∞–ª—É, —Ç–æ—Ç –ª–µ–≥–∫–æ —Å–º–æ–∂–µ—Ç —ç—Ç–æ —Å–¥–µ–ª–∞—Ç—å: –ö–∞—Ä—Ç–∞ –°–±–µ—Ä–±–∞–Ω–∫–∞ –ú–∏—Ä: 2202 2063 7415 0261
(–Ø–Ω–∞ –í—è—á–µ—Å–ª–∞–≤–æ–≤–Ω–∞ –†.)

#—Å–≤–æ–¥–∫–∞–±–æ–µ–≤, #–Ω–æ–≤–æ—Å—Ç–∏—Å–ø–µ—Ü–æ–ø–µ—Ä–∞—Ü–∏–∏, #—É–∫—Ä–∞–∏–Ω–∞, #–Ω–æ–≤–æ—Å—Ç–∏–≤–æ–π–Ω—ã
–Ω–æ–≤–æ—Å—Ç–∏ —Å–≤–æ —Å–µ–≥–æ–¥–Ω—è, –Ω–æ–≤–æ—Å—Ç–∏ —Å–≤–æ, —Å–≤–æ–¥–∫–∞ —Å —Ñ—Ä–æ–Ω—Ç–∞, –Ω–æ–≤–æ—Å—Ç–∏ –¥–æ–Ω–±–∞—Å—Å–∞, –Ω–æ–≤–æ—Å—Ç–∏, –Ω–æ–≤–æ—Å—Ç–∏ —Å–µ–≥–æ–¥–Ω—è, –Ω–æ–≤–æ—Å—Ç–∏ —É–∫—Ä–∞–∏–Ω—ã, –Ω–æ–≤–æ—Å—Ç–∏ —É–∫—Ä–∞–∏–Ω—ã —Å–µ–≥–æ–¥–Ω—è, –Ω–æ–≤–æ—Å—Ç–∏ —Ä–æ—Å—Å–∏–∏ —Å–µ–≥–æ–¥–Ω—è, –Ω–æ–≤–æ—Å—Ç–∏ —Ä–æ—Å—Å–∏–∏, –Ω–æ–≤–æ—Å—Ç–∏ –≤–æ–π–Ω—ã –Ω–∞ —É–∫—Ä–∞–∏–Ω–µ, –Ω–∞—Å—Ç—É–ø–ª–µ–Ω–∏–µ",137,389,7,0,0,28248510,2024-05-03 22:35:34,2024-05-03 22:36:47
90b02b3915a55b97c824274b5a396075,ÿ∑ŸÑÿßÿ® ŸÉŸÑŸäÿ© ŸÑŸÜÿØŸÜ ŸäŸàÿßÿµŸÑŸàŸÜ ÿßÿπÿ™ÿµÿßŸÖŸáŸÖ,"ŸÜÿµÿ® ÿßŸÑŸÖÿ™ÿ∏ÿßŸáÿ±ŸàŸÜ ÿßŸÑŸÖÿ§ŸäÿØŸàŸÜ ŸÑŸÅŸÑÿ≥ÿ∑ŸäŸÜ ŸÅŸä ÿ®ÿ±Ÿäÿ∑ÿßŸÜŸäÿß ÿÆŸäÿßŸÖÿß ÿÆÿßÿ±ÿ¨ ÿßŸÑÿ¨ÿßŸÖÿπÿßÿ™ ŸÅŸä ŸÖÿØŸÜ ŸÖÿßŸÜÿ¥ÿ≥ÿ™Ÿäÿ± ŸàŸÜŸäŸàŸÉÿßÿ≥ŸÑ ŸàŸÑŸäÿØÿ≤.

Ÿáÿ∞ÿß ŸàŸäŸàÿßÿµŸÑ ÿ∑ŸÑÿ®ÿ© ŸÉŸÑŸäÿ© ŸÑŸÜÿØŸÜ ÿßÿπÿ™ÿµÿßŸÖŸáŸÖ ÿØÿßÿÆŸÑ ÿßŸÑÿ≠ÿ±ŸÖ ÿßŸÑÿ¨ÿßŸÖÿπŸä ŸÑŸÑŸäŸàŸÖ ÿßŸÑÿ´ÿßŸÜŸä ÿπŸÑŸâ ÿßŸÑÿ™ŸàÿßŸÑŸäÿå ŸÅŸäŸÖÿß ÿπŸÖÿØÿ™ ÿ•ÿØÿßÿ±ÿ© ÿßŸÑÿ¨ÿßŸÖÿπÿ© ÿ•ŸÑŸâ ÿ•ÿ∫ŸÑÿßŸÇ ÿßŸÑŸÖÿØÿÆŸÑ ÿßŸÑÿ±ÿ¶Ÿäÿ≥Ÿä ŸÑŸÖŸÜÿπ ŸàÿµŸàŸÑ ÿßŸÑŸÖÿ™ÿ∂ÿßŸÖŸÜŸäŸÜ.",17,106,0,0,0,23485784,2024-05-03 22:34:16,2024-05-03 22:35:36
1aac016132c4b7f3bc5bd044ddbb05a6,–í –ë–µ—Ä–ª–∏–Ω–µ –≥–æ—Ä–∏—Ç –º–µ—Ç–∞–ª–ª—É—Ä–≥–∏—á–µ—Å–∫–∏–π –∑–∞–≤–æ–¥ –∫–æ–º–ø–∞–Ω–∏–∏ Diehl,"–í –ë–µ—Ä–ª–∏–Ω–µ –∑–∞–≥–æ—Ä–µ–ª—Å—è –º–µ—Ç–∞–ª–ª—É—Ä–≥–∏—á–µ—Å–∫–∏–π –∑–∞–≤–æ–¥ –æ–±–æ—Ä–æ–Ω–Ω–æ-–ø—Ä–æ–º—ã—à–ª–µ–Ω–Ω–æ–π –∫–æ–º–ø–∞–Ω–∏–∏ Diehl. –ü–æ–∂–∞—Ä–Ω—ã–µ –ø—Ä–µ–¥—É–ø—Ä–µ–¥–∏–ª–∏ –æ —Ä–∏—Å–∫–µ —Ä–∞—Å–ø—Ä–æ—Å—Ç—Ä–∞–Ω–µ–Ω–∏—è —è–¥–æ–≤–∏—Ç–æ–≥–æ –¥—ã–º–∞, –ø–æ—Å–∫–æ–ª—å–∫—É –Ω–∞ –ø—Ä–µ–¥–ø—Ä–∏—è—Ç–∏–∏ –≤–æ—Å–ø–ª–∞–º–µ–Ω–∏–ª–∏—Å—å —Ö–∏–º–∏—á–µ—Å–∫–∏–µ –≤–µ—â–µ—Å—Ç–≤–∞, –≤–∫–ª—é—á–∞—è —Ü–∏–∞–Ω–∏–¥ –º–µ–¥–∏ –∏ —Å–µ—Ä–Ω—É—é –∫–∏—Å–ª–æ—Ç—É. –í–ª–∞—Å—Ç–∏ –ø—Ä–µ–¥—É–ø—Ä–µ–∂–¥–∞—é—Ç, —á—Ç–æ –±–æ–ª—å—à—É—é —á–∞—Å—Ç—å –ë–µ—Ä–ª–∏–Ω–∞ –º–æ–∂–µ—Ç –Ω–∞–∫—Ä—ã—Ç—å —Ç–æ–∫—Å–∏—á–Ω–æ–µ –æ–±–ª–∞–∫–æ. –ñ–∏—Ç–µ–ª—è–º —Ä–µ–∫–æ–º–µ–Ω–¥–æ–≤–∞–ª–∏ –Ω–µ –≤—ã—Ö–æ–¥–∏—Ç—å –Ω–∞ —É–ª–∏—Ü—É –∏ –∑–∞–∫—Ä—ã—Ç—å –æ–∫–Ω–∞.

¬´–í –Ω–∞—Å—Ç–æ—è—â–µ–µ –≤—Ä–µ–º—è —á–µ—Ç—ã—Ä–µ —ç—Ç–∞–∂–∞ –∑–¥–∞–Ω–∏—è –ø–æ–ª–Ω–æ—Å—Ç—å—é —Å–≥–æ—Ä–µ–ª–∏. –ß–∞—Å—Ç—å –∑–¥–∞–Ω–∏—è —É–∂–µ –æ–±—Ä—É—à–∏–ª–∞—Å—å... –ü–æ–∂–∞—Ä –±–æ–ª—å—à–µ –Ω–µ–≤–æ–∑–º–æ–∂–Ω–æ –≤–∑—è—Ç—å –ø–æ–¥ –∫–æ–Ω—Ç—Ä–æ–ª—å –∏–∑–Ω—É—Ç—Ä–∏¬ª, ‚Äî —Ä–∞—Å—Å–∫–∞–∑–∞–ª –ø—Ä–µ–¥—Å—Ç–∞–≤–∏—Ç–µ–ª—å –ø–æ–∂–∞—Ä–Ω–æ–π —Å–ª—É–∂–±—ã –ê–¥—Ä–∏–∞–Ω –í–µ–Ω—Ü–µ–ª—å. –ö –±–æ—Ä—å–±–µ —Å –æ–≥–Ω—ë–º –ø—Ä–∏–≤–ª–µ—á–µ–Ω—ã 170 —á–µ–ª–æ–≤–µ–∫. –ü—Ä–æ–Ω–∏–∫–Ω—É—Ç—å –≤–Ω—É—Ç—Ä—å –ø–æ–∂–∞—Ä–Ω—ã–µ –±–æ–ª—å—à–µ –Ω–µ –º–æ–≥—É—Ç, –ø–æ—ç—Ç–æ–º—É –≤–æ–∑–≥–æ—Ä–∞–Ω–∏–µ —Ç—É—à–∞—Ç —Ç–æ–ª—å–∫–æ —Å–Ω–∞—Ä—É–∂–∏. –ù–∞ –ª–∏–∫–≤–∏–¥–∞—Ü–∏—é –ø–æ–∂–∞—Ä–∞ –ø–æ—Ç—Ä–µ–±—É–µ—Ç—Å—è –∫–∞–∫ –º–∏–Ω–∏–º—É–º –¥–µ–Ω—å, —Å–æ–æ–±—â–∏–ª–∏ –≤ –ø–æ–∂–∞—Ä–Ω–æ–π —Å–ª—É–∂–±–µ. –ü–æ –ø—Ä–µ–¥–≤–∞—Ä–∏—Ç–µ–ª—å–Ω—ã–º –¥–∞–Ω–Ω—ã–º, –ø–æ—Å—Ç—Ä–∞–¥–∞–≤—à–∏—Ö –Ω–µ—Ç.  –ü—Ä–∏—á–∏–Ω—ã –≤–æ–∑–≥–æ—Ä–∞–Ω–∏—è –Ω–µ–∏–∑–≤–µ—Å—Ç–Ω—ã.

–ó–∞–≤–æ–¥ Diehl Metal Applications –ø—Ä–æ–∏–∑–≤–æ–¥–∏—Ç —Ä–∞–∑–ª–∏—á–Ω—ã–µ —Å–ø–ª–∞–≤—ã, —Ç—Ä—É–±–Ω—É—é –ø—Ä–æ–¥—É–∫—Ü–∏—é, –º–µ—Ç–∞–ª–ª–∏—á–µ—Å–∫–∏–µ –ø—Ä–æ—Ñ–∏–ª–∏ –∏ —Ñ–∞—Å–æ–Ω–Ω—ã–µ –¥–µ—Ç–∞–ª–∏. –í—Ö–æ–¥–∏—Ç –≤ –º–∞—à–∏–Ω–æ—Å—Ç—Ä–æ–∏—Ç–µ–ª—å–Ω—ã–π –∫–æ–Ω—Ü–µ—Ä–Ω Diehl Group, –∫–æ—Ç–æ—Ä—ã–π, –ø–æ–º–∏–º–æ –≥—Ä–∞–∂–¥–∞–Ω—Å–∫–æ–π –ø—Ä–æ–¥—É–∫—Ü–∏–∏, –ø—Ä–æ–∏–∑–≤–æ–¥–∏—Ç –ó–†–ö IRIS-T, —Ä–∞–∑–ª–∏—á–Ω—ã–µ –±–æ–µ–ø—Ä–∏–ø–∞—Å—ã –∏ —Å–∏—Å—Ç–µ–º—ã –æ–±–Ω–∞—Ä—É–∂–µ–Ω–∏—è –∏ —Å–≤—è–∑–∏.",73,28,0,0,0,31789891,2024-05-03 17:56:16,2024-05-03 22:35:21
eb3102548d03dca3aeeb3149d90b3527,‚≠êÔ∏èüá∑üá∫üî•üí™–°–±—Ä–æ—Å—ã —Å –∫–æ–ø—Ç–µ—Ä–∞ –Ω–∞ –≤—Å—É—à–Ω–∏–∫–æ–≤ –≤ —Ä–∞–π–æ–Ω–µ –°–ø–æ—Ä–Ω–æ–≥–æ !!!,,67,34,3,0,1,27879365,2024-05-03 22:34:03,2024-05-03 22:34:03
609b11955ca3a98d81accc140b449d0f,üá∑üá∫–†–∞–±–æ—Ç–∞ –æ–ø–µ—Ä–∞—Ç–æ—Ä–æ–≤ 56-–≥–æ –ø–æ–ª–∫–∞ 7-–π –≥–≤–∞—Ä–¥–µ–π—Å–∫–æ–π –¥–µ—Å–∞–Ω—Ç–Ω–æ-—à—Ç—É—Ä–º–æ–≤–æ–π –¥–∏–≤–∏–∑–∏–∏ –≤ —Ä–∞–π–æ–Ω–µ –†–∞–±–æ—Ç–∏–Ω–æ !!!,,53,36,2,0,1,27879365,2024-05-03 22:32:39,2024-05-03 22:32:39
649d07003ae62cc254f218ee8472346b,–í–∏–¥–µ–æ —à—Ç—É—Ä–º–∞ –ø–æ–¥—Ä–∞–∑–¥–µ–ª–µ–Ω–∏—è–º–∏ 1 –≥–≤. –¢–ê –ö–∏—Å–ª–æ–≤–∫–∏ –Ω–∞ –ö—É–ø—è–Ω—Å–∫–æ–º –Ω–∞–ø—Ä–∞–≤–ª–µ–Ω–∏–∏ !!!,,67,55,3,0,1,27879365,2024-05-03 22:30:10,2024-05-03 22:30:10
3d8984f20781e60c78a8ad1cf56ecb3d,"ÿ®ÿßŸÑŸÅŸäÿØŸäŸà.. ŸÖÿ≥Ÿäÿ±ÿ© ""ÿßŸÑŸÅŸàÿ¨ ÿßŸÑÿÆÿßŸÑÿØ"" ŸÅŸä ÿπÿßÿµŸÖÿ© ŸÅŸäÿ™ŸÜÿßŸÖ","ÿ¥ŸáÿØÿ™ ÿπÿßÿµŸÖÿ© ŸÅŸäÿ™ŸÜÿßŸÖ ŸáÿßŸÜŸàŸä ÿßŸÑÿ¨ŸÖÿπÿ© 3 ŸÖÿßŸäŸà ŸÖÿ≥Ÿäÿ±ÿ© ""ÿßŸÑŸÅŸàÿ¨ ÿßŸÑÿÆÿßŸÑÿØ"" ŸÑÿ•ÿ≠Ÿäÿßÿ° ÿ∞ŸÉÿ±Ÿâ ÿßŸÑŸÖÿ≠ÿßÿ±ÿ®ŸäŸÜ ÿßŸÑÿ≥ŸàŸÅŸäŸäÿ™ ÿßŸÑÿ∞ŸäŸÜ ÿ¥ÿßÿ±ŸÉŸàÿß ŸÅŸä ÿßŸÑÿ≠ÿ±ÿ® ÿßŸÑÿπÿßŸÑŸÖŸäÿ© ÿßŸÑÿ´ÿßŸÜŸäÿ© ŸÇÿ®ŸäŸÑ ÿπŸäÿØ ÿßŸÑŸÜÿµÿ± ÿπŸÑŸâ ÿßŸÑŸÜÿßÿ≤Ÿäÿ© ÿßŸÑŸÇÿßÿØŸÖ ŸÅŸä 9 ŸÖÿßŸäŸà.
Ÿàÿ™ŸÖ ÿ™ŸÜÿ∏ŸäŸÖ ÿßŸÑŸÅÿπÿßŸÑŸäÿ© ÿ®ŸÖÿ¥ÿßÿ±ŸÉÿ© ÿ≥ŸÅÿßÿ±ÿ© ÿ®ŸäŸÑÿßÿ±Ÿàÿ≥ ŸàŸÖŸÖÿ´ŸÑŸäÿ© ""ÿ±Ÿàÿ≥ ÿ≥ÿ™ÿ±ŸàÿØŸÜŸäÿ™ÿ¥ÿ≥ÿ™ŸÅŸà"" ÿßŸÑÿ±Ÿàÿ≥Ÿäÿ© ŸÅŸä ŸÅŸäÿ™ŸÜÿßŸÖÿå ŸàÿßŸÜÿ∂ŸÖ ÿ•ŸÑŸâ ÿßŸÑŸÖÿ≥Ÿäÿ±ÿ© ŸÜÿ≠Ÿà 500 ÿ¥ÿÆÿµ.",12,135,0,0,0,23485784,2024-05-03 22:28:44,2024-05-03 22:29:57
58d44e6f38f584bdcec0170fd1deef57,–î–æ–Ω—á–∞–Ω–µ —Ä–∞—Å—Å–∫–∞–∑—ã–≤–∞—é—Ç –æ —Å–µ–º–µ–π–Ω—ã—Ö —Ç—Ä–∞–¥–∏—Ü–∏—è—Ö –Ω–∞ –ü–∞—Å—Ö—É. –ù–∞—Ä–æ–¥–Ω–æ–µ –º–Ω–µ–Ω–∏–µ. 03.05.2024,–ñ–∏—Ç–µ–ª–∏ –î–æ–Ω–µ—Ü–∫–∞ —Ä–∞—Å—Å–∫–∞–∑—ã–≤–∞—é—Ç –æ —Å–≤–æ–∏—Ö —Å–µ–º–µ–π–Ω—ã—Ö —Ç—Ä–∞–¥–∏—Ü–∏—è—Ö –Ω–∞ –ü–∞—Å—Ö—É. –ú–Ω–µ–Ω–∏–µ –¥–æ–Ω—á–∞–Ω –æ–± —ç—Ç–æ–º –ø—Ä–∞–∑–¥–Ω–∏–∫–µ.,3,193,0,0,0,23788980,2024-05-03 22:16:47,2024-05-03 22:29:56
4955e3616e04c166fcc345e53f16df2a,ÿßÿ≠ÿ™ÿ¨ÿßÿ¨ÿßÿ™ ÿ∑ŸÑÿßÿ®Ÿäÿ© ŸÅŸä ÿ®ÿßÿ±Ÿäÿ≥ ÿØÿπŸÖÿß ŸÑÿ∫ÿ≤ÿ©,ÿßŸÇÿ™ÿ≠ŸÖÿ™ ÿßŸÑÿ¥ÿ±ÿ∑ÿ© ÿßŸÑŸÅÿ±ŸÜÿ≥Ÿäÿ© ŸÉŸÑŸäÿ© ÿßŸÑÿπŸÑŸàŸÖ ÿßŸÑÿ≥Ÿäÿßÿ≥Ÿäÿ© ŸÅŸä ÿ®ÿßÿ±Ÿäÿ≥ÿå ŸàŸÅÿ∂ÿ™ ÿßÿπÿ™ÿµÿßŸÖÿß ŸÑŸÑÿ∑ŸÑÿßÿ® ÿßŸÑŸÖÿ§ŸäÿØŸäŸÜ ŸÑŸÅŸÑÿ≥ÿ∑ŸäŸÜ. ŸÉŸÖÿß ÿ£ÿÆŸÑÿ™ ŸÇŸàÿßÿ™ ÿßŸÑÿ£ŸÖŸÜ ÿ≠ÿ±ŸÖ ÿßŸÑŸÉŸÑŸäÿ© ŸÖŸÜ ÿßŸÑŸÖÿ≠ÿ™ÿ¨ŸäŸÜ.,14,121,0,0,0,23485784,2024-05-03 22:27:18,2024-05-03 22:28:24
dcefa23133a1bf9d82046cb7c69482d9,"–í—ã–ø—É—Å–∫ –ø—Ä–æ–≥—Ä–∞–º–º—ã ""–í—Ä–µ–º—è"" –≤ 21:00 –æ—Ç 03.05.2024","–°–º–æ—Ç—Ä–∏—Ç–µ –≤ —ç—Ç–æ–º –≤—ã–ø—É—Å–∫–µ: –≤ –õ–µ–Ω–∏–Ω–≥—Ä–∞–¥—Å–∫–æ–π –æ–±–ª–∞—Å—Ç–∏ –ª–∏–∫–≤–∏–¥–∏—Ä–æ–≤–∞–Ω –¥–∏–≤–µ—Ä—Å–∞–Ω—Ç, –∫–æ—Ç–æ—Ä—ã–π –≥–æ—Ç–æ–≤–∏–ª —Ç–µ—Ä–∞–∫—Ç—ã; –°–≤–∏—Ä—Å–∫–∞—è –ì–≤–∞—Ä–¥–µ–π—Å–∫–∞—è –¥–∏–≤–∏–∑–∏—è –í–î–í: 80 –ª–µ—Ç –∏—Å—Ç–æ—Ä–∏–∏ –∏ –±–æ–∏ –∑–∞ –ß–∞—Å–æ–≤ –Ø—Ä; –æ —Ñ—Ä–æ–Ω—Ç–µ –≤ —Ü–µ–ª–æ–º –∏–Ω—Ñ–æ—Ä–º–∞—Ü–∏—è –ú–∏–Ω–æ–±–æ—Ä–æ–Ω—ã; –í–ª–∞–¥–∏–º–∏—Ä –ü—É—Ç–∏–Ω –ø—Ä–æ–≤–µ–ª —Å–æ–≤–µ—â–∞–Ω–∏–µ –ø–æ —ç–∫–æ–Ω–æ–º–∏–∫–µ, –≥–¥–µ –≥–æ–≤–æ—Ä–∏–ª –æ –ø–ª–∞–Ω–∏—Ä–æ–≤–∞–Ω–∏–∏ –±—é–¥–∂–µ—Ç–∞; ""–†–æ—Å—Ç–µ—Ö"": –æ –≤–æ–µ–Ω–Ω—ã—Ö –∏ –≥—Ä–∞–∂–¥–∞–Ω—Å–∫–∏—Ö –ø—Ä–æ–µ–∫—Ç–∞—Ö –¥–æ–∫–ª–∞–¥ –≥–ª–∞–≤—ã –∫–æ—Ä–ø–æ—Ä–∞—Ü–∏–∏ –ø—Ä–µ–º—å–µ—Ä—É;",487,2666,7,0,1,23460655,2024-05-03 22:28:14,2024-05-03 22:28:16
1d35157bcbd5a7581ae28d1ef73ef6e5,‚ùóüí•‚ö°–õ–µ–≥–µ–Ω–¥–∞—Ä–Ω—ã–π –∫–æ–º–∞–Ω–¥–∏—Ä ¬´–ü—è—Ç–Ω–∞—à–∫–∏¬ª –ê—Ö—Ä–∞ ¬´–ê–±—Ö–∞–∑¬ª –ê–≤–∏–¥–∑–±–∞!,"–ü—Ä–∏—è—Ç–Ω–æ–≥–æ –ü—Ä–æ—Å–º–æ—Ç—Ä–∞, –ö–æ–º–º–µ–Ω—Ç–∏—Ä—É–µ–º, –°—Ç–∞–≤–∏–ºüëçüöÄ ,–ü–æ–¥–ø–∏—Å—ã–≤–∞–µ–º—Å—è –Ω–∞ –ö–∞–Ω–∞–ª! –°–ø–∞—Å–∏–±–æ –ë–û–õ–¨–®–û–ï!!!

–ï—Å–ª–∏ —É –í–∞—Å –µ—Å—Ç—å –ñ–µ–ª–∞–Ω–∏–µ –ü–æ–±–ª–∞–≥–æ–¥–∞—Ä–∏—Ç—å, –ü–æ–¥–¥–µ—Ä–∂–∞—Ç—å –∫–∞–Ω–∞–ª –∏–ª–∏ –û–∫–∞–∑–∞—Ç—å –ü–æ–º–æ—â—å –∫–∞–Ω–∞–ª—É, –±—É–¥–µ–º –í–∞–º –û—á–µ–Ω—å –ü—Ä–∏–∑–Ω–∞—Ç–µ–ª—å–Ω—ã!!!
‚ö°Ô∏è –ö–∞—Ä—Ç–∞ –ú–∏—Ä: ‚úî 2202 2062 9560 7951 ‚úî                                                                                                                                                                                                                                                                                            
‚ö°Ô∏è –ÆMoney: https://yoomoney.ru/to/4100111538398975                                                                                                                                                                                              
‚ö° Donation Alerts: https://www.donationalerts.com/r/silavpravde_5_zv
‚ö°Ô∏è–ë–æ–ª—å—à–µ –≥–æ—Ä—è—á–∏—Ö –Ω–æ–≤–æ—Å—Ç–µ–π –≤ –º–æ–µ–π –≥—Ä—É–ø–ø–µ –≤ –í–ö: https://vk.com/silavpravdezv5 
 ‚ùó –ò—Å—Ç–æ—á–Ω–∏–∫ (–ü—Ä–∞–≤–æ–æ–±–ª–∞–¥–∞—Ç–µ–ª—å):https://t.me/ttambyl",137,116,11,0,1,25280064,2024-05-03 22:27:25,2024-05-03 22:27:45
cda253a26c15d1a3801c0e845e2d911a,–í–†–ï–ú–Ø –ù–û–í–û–°–¢–ï–ô 03 –ú–∞—è 2024 –≥–æ–¥–∞,,4,1626,0,0,0,25828431,2024-05-03 18:06:28,2024-05-03 22:27:29
20a1be2c3fb2ad5fafda599c814ac4f2,"FPV-–¥—Ä–æ–Ω—ã –Ω–∞—á–∞–ª–∏ –∏—Å–ø–æ–ª—å–∑–æ–≤–∞—Ç—å –≤ –µ—â–µ –æ–¥–Ω–æ–º –≤–æ–æ—Ä—É–∂—ë–Ω–Ω–æ–º –∫–æ–Ω—Ñ–ª–∏–∫—Ç–µ
–ü–æ–≤—Å—Ç–∞–Ω—Ü—ã –ú—å—è–Ω–º—ã —Ç–µ–ø–µ—Ä—å —Ç–æ–∂–µ –ø—Ä–∏–º–µ–Ω—è","FPV-–¥—Ä–æ–Ω—ã –Ω–∞—á–∞–ª–∏ –∏—Å–ø–æ–ª—å–∑–æ–≤–∞—Ç—å –≤ –µ—â–µ –æ–¥–Ω–æ–º –≤–æ–æ—Ä—É–∂—ë–Ω–Ω–æ–º –∫–æ–Ω—Ñ–ª–∏–∫—Ç–µ.

–ü–æ–≤—Å—Ç–∞–Ω—Ü—ã –ú—å—è–Ω–º—ã —Ç–µ–ø–µ—Ä—å —Ç–æ–∂–µ –ø—Ä–∏–º–µ–Ω—è—é—Ç FPV-–¥—Ä–æ–Ω—ã.",59,71,1,0,1,27879365,2024-05-03 22:27:11,2024-05-03 22:27:11
19a138d6e471904b44a02debd61ecfa0,–ù–æ–≤–∞—è —Å—Ç—Ä–∞—Ç–µ–≥–∏—è –í–∞—à–∏–Ω–≥—Ç–æ–Ω–∞: –±–µ—Å–∫–æ–Ω–µ—á–Ω–∞—è –≤–æ–π–Ω–∞. –¢–æ—á–∫–∞ –∑—Ä–µ–Ω–∏—è. 03.05.2024,"–£ –ó–∞–ø–∞–¥–∞ –Ω–µ—Ç —Å—Ç—Ä–∞—Ç–µ–≥–∏–∏ –ø–æ–±–µ–¥—ã, —É –Ω–µ–≥–æ –µ—Å—Ç—å —Å—Ç—Ä–∞—Ç–µ–≥–∏—è –±–µ—Å–∫–æ–Ω–µ—á–Ω–æ–π –≤–æ–π–Ω—ã —á—É–∂–∏–º–∏ —Ä—É–∫–∞–º–∏ –≤ –Ω–∞–¥–µ–∂–¥–µ –Ω–∞ —Ç–æ, —á—Ç–æ –≤ –†–æ—Å—Å–∏–∏ —á—Ç–æ-–Ω–∏–±—É–¥—å —Å–ª—É—á–∏—Ç—Å—è –∏ –†–æ—Å—Å–∏—è —Å–∞–º–∞ –ø–æ —Å–µ–±–µ –ø—Ä–æ–∏–≥—Ä–∞–µ—Ç. –¢–æ –µ—Å—Ç—å, –º–∏—Ä–∞ –æ–Ω–∏ –Ω–µ —Ö–æ—Ç—è—Ç, –ø–æ–∫–∞ –Ω–µ —Ö–æ—Ç—è—Ç. –ö —á–µ–º—É —ç—Ç–æ –ø—Ä–∏–≤–µ–¥–µ—Ç, –ø–æ–Ω—è—Ç–Ω–æ —É–∂–µ —Ç–µ–ø–µ—Ä—å: –∫ –µ—â–µ –±–æ–ª—å—à–∏–º —Å—Ç—Ä–∞–¥–∞–Ω–∏—è–º —É–∫—Ä–∞–∏–Ω—Å–∫–æ–≥–æ –Ω–∞—Ä–æ–¥–∞. –ù–æ –∫–æ–≥–æ –Ω–∞ –ó–∞–ø–∞–¥–µ –∏–Ω—Ç–µ—Ä–µ—Å—É–µ—Ç —É–∫—Ä–∞–∏–Ω—Å–∫–∏–π –Ω–∞—Ä–æ–¥?",4,709,0,0,0,23788980,2024-05-03 22:14:14,2024-05-03 22:26:48
7549ac379e5e227ce0c1c27fbfa77a36,üá∑üá∫üî•–£–Ω–∏—á—Ç–æ–∂–µ–Ω–∏–µ –≥—Ä—É–ø–ø—ã –ø–µ—Ö–æ—Ç—ã –≤—Å—É –¥–≤—É–º—è FPV-–¥—Ä–æ–Ω–∞–º–∏ !!!,,54,29,2,0,1,27879365,2024-05-03 22:25:44,2024-05-03 22:25:44
f7792a2ef33b2e86688f1bd5ea070987,–ê–º–µ—Ä–∏–∫–∞–Ω–µ—Ü —Å —É–¥–æ–≤–æ–ª—å—Å—Ç–≤–∏–µ–º –ø–æ—Å–µ—Ç–∏–ª –≤—ã—Å—Ç–∞–≤–∫—É —Ç—Ä–æ—Ñ–µ–π–Ω–æ–π —Ç–µ—Ö–Ω–∏–∫–∏ –Ω–∞ –ü–æ–∫–ª–æ–Ω–Ω–æ–π –≥–æ—Ä–µ,,28,94,0,0,1,1501809,2024-05-03 22:24:31,2024-05-03 22:24:50
b2a0aa1732da503b01fe488dc85b8eda,–î–∏–≤–µ—Ä—Å–∞–Ω—Ç –æ—Ç—Å—Ç—Ä–µ–ª–∏–≤–∞–ª—Å—è –∏–∑ –¥–æ—Ç–∞ | –°–∞–º–æ–ª–µ—Ç –Ω–∞ –¥–æ—Ä–æ–≥–µ | –ù–õ–û –æ—Ç –ú–∞—Å–∫–∞ | –ò–≤–ª–µ–µ–≤–∞: –î–æ–Ω–±–∞—Å—Å –Ω–µ –ø—Ä–∞—á–µ—á–Ω–∞—è,"–£–∫—Ä–∞–∏–Ω—Å–∫–æ–≥–æ –¥–∏–≤–µ—Ä—Å–∞–Ω—Ç–∞ –∑–∞—Å—Ç—Ä–µ–ª–∏–ª–∏ –ø—Ä–∏ –∑–∞–¥–µ—Ä–∂–∞–Ω–∏–∏ –≤ –¥–æ—Ç–µ –ø–æ–¥ –ì–∞—Ç—á–∏–Ω–æ–π. –°–ø–∏—Å–∞–Ω–Ω—ã–π —Å–∞–º–æ–ª–µ—Ç –Ø–∫-42–î –±–µ–∑ –∫—Ä—ã–ª—å–µ–≤ –ø—Ä–æ–≤–µ–∑–ª–∏ –ø–æ –∫–æ–ª—å—Ü–µ–≤–æ–π –¥–æ—Ä–æ–≥–µ –ü–∏—Ç–µ—Ä–∞ –Ω–æ—á—å—é. –†–∞–∫–µ—Ç—É Falcon 9 –≤ –Ω–µ–±–µ –õ–µ–Ω–æ–±–ª–∞—Å—Ç–∏ –ø—Ä–∏–Ω—è–ª–∏ –∑–∞ –ù–õ–û. –ü–æ–µ–∑–¥–∫–∞ –ø—å—è–Ω–æ–≥–æ —Å–∫—É—Ç–µ—Ä–∏—Å—Ç–∞ –≤ –ì–∞—Ç—á–∏–Ω—Å–∫–æ–º —Ä–∞–π–æ–Ω–µ –∑–∞–∫–æ–Ω—á–∏–ª–∞—Å—å 10 —Å—É—Ç–∫–∞–º–∏ –∞—Ä–µ—Å—Ç–∞. –ë–∏–æ–ª–æ–≥ –ø–æ–∫–∞–∑–∞–ª –≤–µ—Å–µ–Ω–Ω–∏–π ¬´—É—Ä–æ–∂–∞–π¬ª –∫–ª—é–∫–≤—ã –Ω–∞ –±–æ–ª–æ—Ç–µ –≤–æ –í—Å–µ–≤–æ–ª–æ–∂—Å–∫–æ–º —Ä–∞–π–æ–Ω–µ. 1 –º–∞—è —Å–∏–≥–∞—Ä–µ—Ç–Ω–∞—è –±–∞–Ω–¥–∞ –Ω–∞–Ω–µ—Å–ª–∞ –º–∞–≥–∞–∑–∏–Ω—É –≤ –ë—É–≥—Ä–∞—Ö —É—â–µ—Ä–± –≤ 100 —Ç—ã—Å—è—á —Ä—É–±–ª–µ–π. –ê–Ω–∞—Å—Ç–∞—Å–∏—è –ò–≤–ª–µ–µ–≤–∞ —Ä–∞—Å—Å–∫–∞–∑–∞–ª–∞ –≤ –∏–Ω—Ç–µ—Ä–≤—å—é, —á—Ç–æ –≤—ã—Ä–æ—Å–ª–∞ –≤ –†–∞–∑–º–µ—Ç–µ–ª–µ–≤–æ, –∞ –¥–µ–Ω—å —Ä–æ–∂–¥–µ–Ω–∏—è –ø—Ä–æ–≤–µ–ª–∞ –Ω–∞ –î–æ–Ω–±–∞—Å—Å–µ. –ù–∞ —à–æ—Å—Å–µ –≤ –ß–∏—Ä–∫–æ–≤–∏—Ü–∞—Ö —Å–≥–æ—Ä–µ–ª —Ç—Ä–∞–∫—Ç–æ—Ä. –ß—Ç–æ –µ—â–µ –Ω–∞–º –ø–æ–∫–∞–∑–∞–ª–∞ –õ–µ–Ω–∏–Ω–≥—Ä–∞–¥—Å–∫–∞—è –æ–±–ª–∞—Å—Ç—å?",33,355,2,0,0,23490401,2024-05-03 22:22:31,2024-05-03 22:23:55
ae0f29f71e5942d0fc1bfe339c36889a,–°–µ–∫—Ç–æ—Ä –ì–∞–∑–∞ –æ–±—Å—Ç–∞–Ω–æ–≤–∫–∞ –Ω–∞ –¥–∞–Ω–Ω—ã–π –º–æ–º–µ–Ω—Ç –≤—Ä–µ–º–µ–Ω–∏ !!!,,40,27,1,0,0,27879365,2024-05-03 22:22:54,2024-05-03 22:22:54
6d3e963de1f73944b156dfff822ab901,–õ—é–¥–∏ –æ—Ç–±–∏–≤–∞—é—Ç –º—É–∂—á–∏–Ω—É –≤ –¢–¶–ö –≤ –ö–∏–µ–≤—Å–∫–æ–π –æ–±–ª–∞—Å—Ç–∏,,5,44,0,0,0,1501809,2024-05-03 22:22:32,2024-05-03 22:22:53
b267fce92212e7c6cd070acff944768f,–ü–µ—Ä–µ–±—Ä–æ—Å–∫–∞ –≤–æ–µ–Ω–Ω–æ–π —Ç–µ—Ö–Ω–∏–∫–∏ –í–°–£ –Ω–µ —É–¥–∞–ª–∞—Å—å.,,18,29,0,0,0,1501809,2024-05-03 22:22:32,2024-05-03 22:22:53
7292bac172a8ed0ca6e2efa0d1685d07,–ù–∞ –≥—Ä–∞–Ω–∏—Ü–µ —Å –ë–µ–ª–≥–æ—Ä–æ–¥—Å–∫–æ–π –æ–±–ª–∞—Å—Ç—å—é –ì–í ¬´–°–µ–≤–µ—Ä¬ª —É–Ω–∏—á—Ç–æ–∂–µ–Ω–∞ –∫–æ–ª–æ–Ω–Ω–∞ –£–ì–ò–õ,,4,43,0,0,0,1501809,2024-05-03 22:22:32,2024-05-03 22:22:53
60b27c764ebbd605a4cc298769738d22,–í–ï–¢–ï–†–ê–ù–£ –ü–†–û–ö–£–†–ê–¢–£–†–´ –í–û–õ–ì–û–ì–†–ê–î–°–ö–û–ô –û–ë–õ–ê–°–¢–ò –ì–ï–û–†–ì–ò–Æ –†–û–ì–û–í–û–ú–£ –ò–°–ü–û–õ–ù–ò–õ–û–°–¨ 100 –õ–ï–¢,"–ü–æ–∑–¥—Ä–∞–≤–∏—Ç—å –≤–µ—Ç–µ—Ä–∞–Ω–∞ –í–µ–ª–∏–∫–æ–π –û—Ç–µ—á–µ—Å—Ç–≤–µ–Ω–Ω–æ–π –≤–æ–π–Ω—ã –ì–µ–æ—Ä–≥–∏—è –ò—Å–∞–∞–∫–æ–≤–∏—á–∞ –†–æ–≥–æ–≤–æ–≥–æ —Å –≤–µ–∫–æ–≤—ã–º —é–±–∏–ª–µ–µ–º –ø—Ä–∏—à–ª–∏ —Å–æ—Ç—Ä—É–¥–Ω–∏–∫–∏ –ø—Ä–æ–∫—É—Ä–∞—Ç—É—Ä—ã –í–æ–ª–≥–æ–≥—Ä–∞–¥—Å–∫–æ–π –æ–±–ª–∞—Å—Ç–∏ –∏ –°–ª–µ–¥—Å—Ç–≤–µ–Ω–Ω–æ–≥–æ —É–ø—Ä–∞–≤–ª–µ–Ω–∏—è –°–ö –†–§, –ø—Ä–µ–¥—Å—Ç–∞–≤–∏—Ç–µ–ª–∏ —Å–æ–≤–µ—Ç–æ–≤ –≤–µ—Ç–µ—Ä–∞–Ω–æ–≤, –∞ —Ç–∞–∫–∂–µ –≤–æ—Å–ø–∏—Ç–∞–Ω–Ω–∏–∫–∏ –∫–∞–¥–µ—Ç—Å–∫–æ–≥–æ –∫–æ—Ä–ø—É—Å–∞ –°–ö –†–§ –∏–º–µ–Ω–∏ –§. –§. –°–ª–∏–ø—á–µ–Ω–∫–æ. –í–æ–ª–Ω—É—é—â–∞—è —Ü–µ—Ä–µ–º–æ–Ω–∏—è —á–µ—Å—Ç–≤–æ–≤–∞–Ω–∏—è –≤–µ—Ç–µ—Ä–∞–Ω–∞ –Ω–∞—á–∞–ª–∞—Å—å —Å —Ç–æ—Ä–∂–µ—Å—Ç–≤–µ–Ω–Ω–æ–≥–æ –≤—ã–Ω–æ—Å–∞ –≤–æ–µ–Ω–Ω–æ—Å–ª—É–∂–∞—â–∏–º–∏ —Ä–æ—Ç—ã –ü–æ—á–µ—Ç–Ω–æ–≥–æ –∫–∞—Ä–∞—É–ª–∞ –ì–æ—Å—É–¥–∞—Ä—Å—Ç–≤–µ–Ω–Ω–æ–≥–æ —Ñ–ª–∞–≥–∞ –†–æ—Å—Å–∏–π—Å–∫–æ–π –§–µ–¥–µ—Ä–∞—Ü–∏–∏.",5,314,0,0,0,24410007,2024-05-03 22:16:46,2024-05-03 22:20:49
4f84fa78a609dcd586025935857f55f9,–ö–∞–∫ –±—É–¥—É—Ç —à—Ç—Ä–∞—Ñ–æ–≤–∞—Ç—å —Å–∞–º–æ–∫–∞—Ç—á–∏–∫–æ–≤ –∑–∞ –Ω–∞—Ä—É—à–µ–Ω–∏–µ –ü–î–î?,–ó–∞ —Å–∞–º–æ–∫–∞—Ç—á–∏–∫–∞–º–∏ –ø—Ä–æ—Å–ª–µ–¥—è—Ç! –¢–µ–ø–µ—Ä—å –Ω–∞—Ä—É—à–µ–Ω–∏—è –ø—Ä–∞–≤–∏–ª –¥–æ—Ä–æ–∂–Ω–æ–≥–æ –¥–≤–∏–∂–µ–Ω–∏—è —Ñ–∏–∫—Å–∏—Ä—É—é—Ç —Å–æ—Ç—Ä—É–¥–Ω–∏–∫–∏ –¶–µ–Ω—Ç—Ä–∞ —É–ø—Ä–∞–≤–ª–µ–Ω–∏—è –ø–∞—Ä–∫–æ–≤–∫–∞–º–∏. –ö–∞–∫ –±—É–¥—É—Ç —à—Ç—Ä–∞—Ñ–æ–≤–∞—Ç—å –ª–∏—Ö–∞—á–µ–π - –∑–Ω–∞–µ—Ç –í–ª–∞–¥–∏–º–∏—Ä –û—Ä–µ—Ö–æ–≤.,11,164,0,0,1,23838853,2024-05-03 22:14:25,2024-05-03 22:17:24
f49fed108cc933d641a4348372ae5842,–ö–∞–∫ —É—Å—Ç—Ä–æ–µ–Ω–∞ –º–∞—Å—Ç–µ—Ä—Å–∫–∞—è —Å–æ–≤—Ä–µ–º–µ–Ω–Ω–æ–≥–æ —Ö—É–¥–æ–∂–Ω–∏–∫–∞ –∏–∑ –î—É–±–Ω—ã,"–ò–ª—å—è –ö–æ–∑–∏–Ω –≤ –ø—Ä–æ—à–ª–æ–º –±—ã–ª –ø—Ä–µ–¥–ø—Ä–∏–Ω–∏–º–∞—Ç–µ–ª–µ–º, –Ω–æ —Ä–µ—à–∏–ª –∏–∑–º–µ–Ω–∏—Ç—å —Å–≤–æ—é –∂–∏–∑–Ω—å. –ü–æ—Å–ª–µ–¥–Ω–∏–µ —Ç—Ä–∏ —Å –ø–æ–ª–æ–≤–∏–Ω–æ–π –≥–æ–¥–∞ –æ–Ω –ø–æ–ª–Ω–æ—Å—Ç—å—é –ø–æ—Å–≤—è—â–∞–µ—Ç –∏—Å–∫—É—Å—Å—Ç–≤—É. –°–µ–π—á–∞—Å –≤ –µ–≥–æ –º–∞—Å—Ç–µ—Ä—Å–∫–æ–π –∞–≤—Ç–æ—Ä—Å–∫–∏–µ –∫–∞—Ä—Ç–∏–Ω—ã, —Å–∫—É–ª—å–ø—Ç—É—Ä—ã –∏ –¥–∞–∂–µ –º–µ–±–µ–ª—å. –í—Å—ë –≤–º–µ—Å—Ç–µ –±–æ–ª—å—à–µ –Ω–∞–ø–æ–º–∏–Ω–∞–µ—Ç –º—É–∑–µ–π. –£–≤–∏–¥–µ—Ç—å —Ä–∞–±–æ—Ç—ã –º–Ω–æ–≥–æ–¥–µ—Ç–Ω–æ–≥–æ –æ—Ç—Ü–∞ –º–æ–∂–Ω–æ –Ω–∞ –≤—ã—Å—Ç–∞–≤–∫–µ –≤ –î–ö ¬´–ú–∏—Ä¬ª.

#–•—É–¥–æ–∂–Ω–∏–∫ #–≤—ã—Å—Ç–∞–≤–∫–∞ #–î—É–±–Ω–∞ #–ü–æ–¥–º–æ—Å–∫–æ–≤—å–µ #–∏—Å–∫—É—Å—Å—Ç–≤–æ #–º–∞—Å—Ç–µ—Ä—Å–∫–∞—è #–≤—ã—Å—Ç–∞–≤–∫–∞ #–∂–∏–∑–Ω—å #—à—Ä–∏–≥–∞–¥–∞",6,60,0,0,0,34575515,2024-05-03 22:16:36,2024-05-03 22:17:10
427d0beb1f2a68f71e8e837e914898c3,üî•–ì—Ä—É–ø–ø–∏—Ä–æ–≤–∫–∞ –≤–æ–π—Å–∫¬´–°–µ–≤–µ—Ä¬ª—ç—Ñ—Ñ–µ–∫—Ç–∏–≤–Ω–æ —É–Ω–∏—á—Ç–æ–∂–∞–µ—Ç —Ç–µ—Ö–Ω–∏–∫—É –í–°–£ –≤ –ø—Ä–∏–≥—Ä–∞–Ω–∏—á–Ω—ã—Ö —Ä–∞–π–æ–Ω–∞—Ö –•–∞—Ä—å–∫–æ–≤—Å–∫–æ–π –æ–±–ª–∞—Å,,47,50,2,0,1,27879365,2024-05-03 22:17:09,2024-05-03 22:17:09
a9c1b803c18aaac0889c340df9d638bd,–°–æ—Ä–æ–∫–∞ –∏ –∑–∞–π—Ü—ã –≥—É–ª—è–ª–∏ –ø–æ —é–≥–æ-–∑–∞–ø–∞–¥–Ω–æ–º—É —Ä–∞–π–æ–Ω—É –°—Ç–∞–≤—Ä–æ–ø–æ–ª—è,"¬´–¢—ë–ø–ª—ã–º–∏¬ª –∫–∞–¥—Ä–∞–º–∏ –ø–æ–¥–µ–ª–∏–ª–∏—Å—å —Å–µ–≥–æ–¥–Ω—è, 2 –º–∞—è, —Å—Ç–∞–≤—Ä–æ–ø–æ–ª—å—Ü—ã –≤ —Å–æ—Ü–∏–∞–ª—å–Ω—ã—Ö —Å–µ—Ç—è—Ö.

–ü—Ä–æ–≥—É–ª–∏–≤–∞—è—Å—å –ø–æ —é–≥–æ-–∑–∞–ø–∞–¥–Ω–æ–º—É —Ä–∞–π–æ–Ω—É –∫—Ä–∞–µ–≤–æ–π —Å—Ç–æ–ª–∏—Ü—ã –º–µ—Å—Ç–Ω—ã–º –∂–∏—Ç–µ–ª—è–º —É–¥–∞–ª–æ—Å—å –∑–∞—Å–Ω—è—Ç—å –Ω–µ–æ–±—ã—á–Ω—É—é –∫–æ–º–ø–∞–Ω–∏—é. –†—è–¥–æ–º —Å –ª—é–¥—å–º–∏ –Ω–∞ –æ–∫—Ä–∞–∏–Ω–µ –∂–∏–ª–æ–≥–æ —Ä–∞–π–æ–Ω–∞ —Å–≤–æ–±–æ–¥–Ω–æ –≥—É–ª—è–ª–∏ —Å–æ—Ä–æ–∫–∞ –∏ –∑–∞–π—Ü—ã. –ò, –ø–æ—Ö–æ–∂–µ, –Ω–µ–ø–ª–æ—Ö–æ –ª–∞–¥–∏–ª–∏ –¥—Ä—É–≥ —Å –¥—Ä—É–≥–æ–º.

–¢—É—Ç –∂–µ –ø–æ–¥ –≤–∏–¥–µ–æ —Å—Ç–∞–ª–∏ –ø–æ—è–≤–ª—è—Ç—å—Å—è –∫–æ–º–º–µ–Ω—Ç–∞—Ä–∏–∏, –≤ –∫–æ—Ç–æ—Ä—ã—Ö —á–∏—Ç–∞—Ç–µ–ª–∏ —É–¥–∏–≤–ª—è—é—Ç—Å—è –¥—Ä—É–∂–µ—Å–∫–∏–º –æ—Ç–Ω–æ—à–µ–Ω–∏—è–º –∂–∏–≤–æ—Ç–Ω—ã—Ö –∏ –ø—Ç–∏—Ü—ã.
 
–û—Ñ–∏—Ü–∏–∞–ª—å–Ω—ã–π —Å–∞–π—Ç –ì–¢–†–ö ""–°—Ç–∞–≤—Ä–æ–ø–æ–ª—å–µ"" https://stavropolye.tv
Rutube –∫–∞–Ω–∞–ª https://rutube.ru/u/stavropolye
–¢–µ–ª–µ–≥—Ä–∞–º https://t.me/s/stavropolye_tv
–û–¥–Ω–æ–∫–ª–∞—Å—Å–Ω–∏–∫–∏ https://ok.ru/stavropolye
–ú–æ–π –ú–∏—Ä https://my.mail.ru/community/stavropolye.tv
–í—Å—Ç—É–ø–∞–π—Ç–µ –≤ –≥—Ä—É–ø–ø—É –í–ö https://vk.com/stavropolye_tv
–î–∑–µ–Ω https://dzen.ru/stavropolye

#–≥—Ç—Ä–∫—Å—Ç–∞–≤—Ä–æ–ø–æ–ª—å–µ #–≤–µ—Å—Ç–∏—Å—Ç–∞–≤—Ä–æ–ø–æ–ª—å—Å–∫–∏–π–∫—Ä–∞–π #—Å—Ç–∞–≤—Ä–æ–ø–æ–ª—å–µ #–≤–≥—Ç—Ä–∫ #–≥—Ç—Ä–∫ #–≤–µ—Å—Ç–∏ #stavropolye #stavropol #—Å—Ç–∞–≤—Ä–æ–ø–æ–ª—å #—Å–∫—Ñ–æ #—Ç–≤ #—Ä–æ—Å—Å–∏—è1 #—Ä–æ—Å—Å–∏—è24 #–Ω–æ–≤–æ—Å—Ç–∏ #news",22,22,0,0,0,12488,2024-05-03 22:09:15,2024-05-03 22:15:56
0f5c2244af745ba90336ab24b4cf36fb,–£–Ω–∏—á—Ç–æ–∂–µ–Ω–Ω—ã–π –≥—Ä—É–∑–æ–≤–∏–∫ –ì–ê–ó-3308 —É–∫—Ä–∞–∏–Ω—Å–∫–∏—Ö —Ñ–æ—Ä–º–∏—Ä–æ–≤–∞–Ω–∏–π –≥–¥–µ-—Ç–æ –Ω–∞ –î–æ–Ω–±–∞—Å—Å–µ. –í–æ–∑–º–æ–∂–Ω–æ –±—ã–ª –∑–∞–≥—Ä—É–∂–µ–Ω –±–æ–µ,–£–Ω–∏—á—Ç–æ–∂–µ–Ω–Ω—ã–π –≥—Ä—É–∑–æ–≤–∏–∫ –ì–ê–ó-3308 —É–∫—Ä–∞–∏–Ω—Å–∫–∏—Ö —Ñ–æ—Ä–º–∏—Ä–æ–≤–∞–Ω–∏–π –≥–¥–µ-—Ç–æ –Ω–∞ –î–æ–Ω–±–∞—Å—Å–µ. –í–æ–∑–º–æ–∂–Ω–æ –±—ã–ª –∑–∞–≥—Ä—É–∂–µ–Ω –±–æ–µ–ø—Ä–∏–ø–∞—Å–∞–º–∏.,44,17,1,0,0,27879365,2024-05-03 22:15:06,2024-05-03 22:15:06
cfb5e8ada97cca70416488c7286f480e,–ù–µ–º–Ω–æ–≥–æ —Å–±—Ä–æ—Å–æ–≤ –ø–æ —É–∫—Ä–∞–∏–Ω—Å–∫–æ–π –ø–µ—Ö–æ—Ç–µ –æ—Ç 200-–π –æ—Ç–¥–µ–ª—å–Ω–æ–π –≥–≤–∞—Ä–¥–µ–π—Å–∫–æ–π –º–æ—Ç–æ—Å—Ç—Ä–µ–ª–∫–æ–≤–æ–π –±—Ä–∏–≥–∞–¥—ã. –ë–∞—Ö–º—É—Ç—Å–∫,–ù–µ–º–Ω–æ–≥–æ —Å–±—Ä–æ—Å–æ–≤ –ø–æ —É–∫—Ä–∞–∏–Ω—Å–∫–æ–π –ø–µ—Ö–æ—Ç–µ –æ—Ç 200-–π –æ—Ç–¥–µ–ª—å–Ω–æ–π –≥–≤–∞—Ä–¥–µ–π—Å–∫–æ–π –º–æ—Ç–æ—Å—Ç—Ä–µ–ª–∫–æ–≤–æ–π –±—Ä–∏–≥–∞–¥—ã. –ë–∞—Ö–º—É—Ç—Å–∫–æ–µ –Ω–∞–ø—Ä–∞–≤–ª–µ–Ω–∏–µ.,47,29,2,0,1,27879365,2024-05-03 22:13:42,2024-05-03 22:13:42
